{"elements":[{"from":[9.102057,4.4244895,6.3020406],"to":[10.457159,5.2081633,7.0857143],"rotation":{"angle":0.0,"axis":"y","origin":[9.22449,-0.6530609,6.367347]},"faces":{"south":{"uv":[11.625,0.75,11.875,1.0],"rotation":0,"texture":"#0","tintindex":0},"north":{"uv":[11.5,8.125,11.75,8.375],"rotation":0,"texture":"#0","tintindex":0},"down":{"uv":[11.875,2.125,11.625,2.375],"rotation":0,"texture":"#0","tintindex":0},"east":{"uv":[11.5,10.75,11.75,11.0],"rotation":0,"texture":"#0","tintindex":0},"west":{"uv":[11.625,1.75,11.875,2.0],"rotation":0,"texture":"#0","tintindex":0},"up":{"uv":[2.125,11.875,1.875,11.625],"rotation":0,"texture":"#0","tintindex":0}}},{"from":[7.6081634,3.6081634,6.3020406],"to":[8.963265,4.3918366,7.0857143],"rotation":{"angle":0.0,"axis":"y","origin":[6.530612,-0.8979597,6.367347]},"faces":{"south":{"uv":[11.625,0.75,11.875,1.0],"rotation":0,"texture":"#0","tintindex":0},"north":{"uv":[11.5,8.125,11.75,8.375],"rotation":0,"texture":"#0","tintindex":0},"down":{"uv":[11.875,2.125,11.625,2.375],"rotation":0,"texture":"#0","tintindex":0},"east":{"uv":[11.5,10.75,11.75,11.0],"rotation":0,"texture":"#0","tintindex":0},"west":{"uv":[11.625,1.75,11.875,2.0],"rotation":0,"texture":"#0","tintindex":0},"up":{"uv":[2.125,11.875,1.875,11.625],"rotation":0,"texture":"#0","tintindex":0}}},{"from":[5.942857,4.4244895,6.3020406],"to":[7.297959,5.2081633,7.0857143],"rotation":{"angle":0.0,"axis":"y","origin":[7.2653065,-0.6530609,6.367347]},"faces":{"south":{"uv":[11.625,0.75,11.875,1.0],"rotation":0,"texture":"#0","tintindex":0},"north":{"uv":[11.5,8.125,11.75,8.375],"rotation":0,"texture":"#0","tintindex":0},"down":{"uv":[11.875,2.125,11.625,2.375],"rotation":0,"texture":"#0","tintindex":0},"east":{"uv":[11.5,10.75,11.75,11.0],"rotation":0,"texture":"#0","tintindex":0},"west":{"uv":[11.625,1.75,11.875,2.0],"rotation":0,"texture":"#0","tintindex":0},"up":{"uv":[2.125,11.875,1.875,11.625],"rotation":0,"texture":"#0","tintindex":0}}},{"from":[7.542857,4.9959183,6.3020406],"to":[8.897959,5.7795916,7.0857143],"rotation":{"angle":0.0,"axis":"y","origin":[9.551021,-0.081632614,6.367347]},"faces":{"south":{"uv":[11.625,0.75,11.875,1.0],"rotation":0,"texture":"#0","tintindex":0},"north":{"uv":[11.5,8.125,11.75,8.375],"rotation":0,"texture":"#0","tintindex":0},"down":{"uv":[11.875,2.125,11.625,2.375],"rotation":0,"texture":"#0","tintindex":0},"east":{"uv":[11.5,10.75,11.75,11.0],"rotation":0,"texture":"#0","tintindex":0},"west":{"uv":[11.625,1.75,11.875,2.0],"rotation":0,"texture":"#0","tintindex":0},"up":{"uv":[2.125,11.875,1.875,11.625],"rotation":0,"texture":"#0","tintindex":0}}},{"from":[6.530612,4.163265,6.367347],"to":[9.469387,8.163265,7.020408],"rotation":{"angle":0.0,"axis":"y","origin":[7.9183674,0.65306044,6.367347]},"faces":{"south":{"uv":[4.75,9.875,5.0,10.75],"rotation":0,"texture":"#0","tintindex":0},"north":{"uv":[9.875,4.25,10.125,5.125],"rotation":0,"texture":"#0","tintindex":0},"down":{"uv":[11.875,11.125,11.625,11.375],"rotation":0,"texture":"#0","tintindex":0},"east":{"uv":[4.375,9.875,4.625,10.75],"rotation":0,"texture":"#0","tintindex":0},"west":{"uv":[5.125,9.875,5.375,10.75],"rotation":0,"texture":"#0","tintindex":0},"up":{"uv":[11.875,9.5,11.625,9.25],"rotation":0,"texture":"#0","tintindex":0}}},{"from":[5.2244897,6.122449,6.0408163],"to":[10.775511,9.795919,6.6938777],"rotation":{"angle":0.0,"axis":"y","origin":[6.938775,2.2857141,6.0408163]},"faces":{"south":{"uv":[5.625,5.5,6.875,6.25],"rotation":0,"texture":"#0","tintindex":0},"north":{"uv":[5.625,4.625,6.875,5.375],"rotation":0,"texture":"#0","tintindex":0},"down":{"uv":[6.0,8.875,4.75,9.125],"rotation":0,"texture":"#0","tintindex":0},"east":{"uv":[5.5,9.875,5.75,10.625],"rotation":0,"texture":"#0","tintindex":0},"west":{"uv":[10.0,8.25,10.25,9.0],"rotation":0,"texture":"#0","tintindex":0},"up":{"uv":[9.875,6.75,8.625,6.5],"rotation":0,"texture":"#0","tintindex":0}}},{"from":[10.448979,5.142857,6.6938777],"to":[10.775511,8.081634,10.204082],"rotation":{"angle":0.0,"axis":"y","origin":[10.530613,1.7142854,6.6938777]},"faces":{"south":{"uv":[10.75,0.375,10.875,1.5],"rotation":0,"texture":"#0","tintindex":0},"north":{"uv":[0.375,10.75,0.5,11.875],"rotation":0,"texture":"#0","tintindex":0},"down":{"uv":[1.0,10.75,0.875,11.875],"rotation":0,"texture":"#0","tintindex":0},"east":{"uv":[1.375,2.5,2.5,3.625],"rotation":0,"texture":"#0","tintindex":0},"west":{"uv":[2.625,0.0,3.75,1.125],"rotation":0,"texture":"#0","tintindex":0},"up":{"uv":[0.75,11.875,0.625,10.75],"rotation":0,"texture":"#0","tintindex":0}}},{"from":[5.5510206,5.142857,10.204082],"to":[10.448979,8.081634,10.204082],"rotation":{"angle":0.0,"axis":"y","origin":[6.938775,2.2857141,6.6938777]},"faces":{"south":{"uv":[1.125,3.75,2.125,4.875],"rotation":0,"texture":"#0","tintindex":0},"north":{"uv":[0.0,2.75,1.0,3.875],"rotation":0,"texture":"#0","tintindex":0},"down":{"uv":[11.875,5.5,10.875,5.625],"rotation":0,"texture":"#0","tintindex":0},"east":{"uv":[10.125,10.625,10.25,11.75],"rotation":0,"texture":"#0","tintindex":0},"west":{"uv":[10.375,10.625,10.5,11.75],"rotation":0,"texture":"#0","tintindex":0},"up":{"uv":[11.875,5.375,10.875,5.25],"rotation":0,"texture":"#0","tintindex":0}}},{"from":[5.2244897,5.142857,6.6938777],"to":[5.5510206,8.081634,10.204082],"rotation":{"angle":0.0,"axis":"y","origin":[6.6122446,1.7142854,6.6938777]},"faces":{"south":{"uv":[3.0,10.625,3.125,11.75],"rotation":0,"texture":"#0","tintindex":0},"north":{"uv":[0.875,5.125,1.0,6.25],"rotation":0,"texture":"#0","tintindex":0},"down":{"uv":[10.75,10.0,10.625,11.125],"rotation":0,"texture":"#0","tintindex":0},"east":{"uv":[1.375,0.0,2.5,1.125],"rotation":0,"texture":"#0","tintindex":0},"west":{"uv":[1.375,1.25,2.5,2.375],"rotation":0,"texture":"#0","tintindex":0},"up":{"uv":[10.0,11.75,9.875,10.625],"rotation":0,"texture":"#0","tintindex":0}}},{"from":[5.8775506,6.775511,6.367347],"to":[8.816326,8.816327,7.5918365],"rotation":{"angle":0.0,"axis":"y","origin":[6.938775,1.6326537,6.367347]},"faces":{"south":{"uv":[0.25,12.0,0.5,12.125],"rotation":0,"texture":"#0","tintindex":0},"north":{"uv":[11.875,10.75,12.125,10.875],"rotation":0,"texture":"#0","tintindex":0},"down":{"uv":[11.875,11.5,11.625,11.75],"rotation":0,"texture":"#0","tintindex":0},"east":{"uv":[11.625,11.875,11.875,12.0],"rotation":0,"texture":"#0","tintindex":0},"west":{"uv":[0.625,12.0,0.875,12.125],"rotation":0,"texture":"#0","tintindex":0},"up":{"uv":[11.5,11.875,11.25,11.625],"rotation":0,"texture":"#0","tintindex":0}}},{"from":[6.2040815,4.163265,6.6938777],"to":[8.816326,8.489797,7.2653065],"rotation":{"angle":0.0,"axis":"y","origin":[7.2653065,0.65306044,6.0408163]},"faces":{"south":{"uv":[4.625,10.875,4.75,11.875],"rotation":0,"texture":"#0","tintindex":0},"north":{"uv":[9.625,10.75,9.75,11.75],"rotation":0,"texture":"#0","tintindex":0},"down":{"uv":[12.125,4.375,12.0,4.5],"rotation":0,"texture":"#0","tintindex":0},"east":{"uv":[4.375,10.875,4.5,11.875],"rotation":0,"texture":"#0","tintindex":0},"west":{"uv":[4.875,10.875,5.0,11.875],"rotation":0,"texture":"#0","tintindex":0},"up":{"uv":[11.625,7.125,11.5,7.0],"rotation":0,"texture":"#0","tintindex":0}}},{"from":[7.183673,4.163265,6.6938777],"to":[9.795919,8.489797,7.2653065],"rotation":{"angle":0.0,"axis":"y","origin":[8.244898,0.65306044,6.0408163]},"faces":{"south":{"uv":[9.125,10.75,9.25,11.75],"rotation":0,"texture":"#0","tintindex":0},"north":{"uv":[1.125,10.75,1.25,11.75],"rotation":0,"texture":"#0","tintindex":0},"down":{"uv":[11.25,8.75,11.125,8.875],"rotation":0,"texture":"#0","tintindex":0},"east":{"uv":[5.5,10.75,5.625,11.75],"rotation":0,"texture":"#0","tintindex":0},"west":{"uv":[9.375,10.75,9.5,11.75],"rotation":0,"texture":"#0","tintindex":0},"up":{"uv":[9.25,9.625,9.125,9.5],"rotation":0,"texture":"#0","tintindex":0}}},{"from":[5.5510206,4.4897957,6.938775],"to":[8.489796,8.489797,7.020408],"rotation":{"angle":0.0,"axis":"y","origin":[6.938775,0.97959137,6.938775]},"faces":{"south":{"uv":[9.5,9.75,9.75,10.625],"rotation":0,"texture":"#0","tintindex":0},"north":{"uv":[1.125,9.75,1.375,10.625],"rotation":0,"texture":"#0","tintindex":0},"down":{"uv":[11.875,8.875,11.625,9.125],"rotation":0,"texture":"#0","tintindex":0},"east":{"uv":[9.125,9.75,9.375,10.625],"rotation":0,"texture":"#0","tintindex":0},"west":{"uv":[9.875,1.625,10.125,2.5],"rotation":0,"texture":"#0","tintindex":0},"up":{"uv":[11.875,8.75,11.625,8.5],"rotation":0,"texture":"#0","tintindex":0}}},{"from":[5.5510206,5.5006294,12.562995],"to":[10.448979,9.745527,12.889525],"rotation":{"angle":-22.5,"axis":"x","origin":[7.5918365,1.9087925,12.2364645]},"faces":{"south":{"uv":[4.5,5.75,5.5,6.5],"rotation":0,"texture":"#0","tintindex":0},"north":{"uv":[3.375,5.75,4.375,6.5],"rotation":0,"texture":"#0","tintindex":0},"down":{"uv":[11.625,4.625,10.625,4.75],"rotation":0,"texture":"#0","tintindex":0},"east":{"uv":[3.875,11.375,4.0,12.125],"rotation":0,"texture":"#0","tintindex":0},"west":{"uv":[5.75,11.375,5.875,12.125],"rotation":0,"texture":"#0","tintindex":0},"up":{"uv":[11.625,4.5,10.625,4.375],"rotation":0,"texture":"#0","tintindex":0}}},{"from":[13.097139,6.259495,6.530612],"to":[13.42367,9.361536,10.367348],"rotation":{"angle":22.5,"axis":"z","origin":[13.831834,2.096229,8.163265]},"faces":{"south":{"uv":[11.375,2.625,11.5,3.375],"rotation":0,"texture":"#0","tintindex":0},"north":{"uv":[11.375,1.75,11.5,2.5],"rotation":0,"texture":"#0","tintindex":0},"down":{"uv":[6.75,10.25,6.625,11.5],"rotation":0,"texture":"#0","tintindex":0},"east":{"uv":[4.875,2.875,6.125,3.625],"rotation":0,"texture":"#0","tintindex":0},"west":{"uv":[4.875,3.75,6.125,4.5],"rotation":0,"texture":"#0","tintindex":0},"up":{"uv":[6.5,11.5,6.375,10.25],"rotation":0,"texture":"#0","tintindex":0}}},{"from":[2.5763297,5.769699,5.959183],"to":[2.5763297,8.87174,10.367348],"rotation":{"angle":-22.5,"axis":"z","origin":[3.3110237,2.1778622,8.163265]},"faces":{"south":{"uv":[10.625,11.25,10.75,12.0],"rotation":0,"texture":"#0","tintindex":0},"north":{"uv":[8.25,11.25,8.375,12.0],"rotation":0,"texture":"#0","tintindex":0},"down":{"uv":[6.25,10.25,6.125,11.5],"rotation":0,"texture":"#0","tintindex":0},"east":{"uv":[4.875,1.125,6.125,1.875],"rotation":0,"texture":"#0","tintindex":0},"west":{"uv":[4.875,2.0,6.125,2.75],"rotation":0,"texture":"#0","tintindex":0},"up":{"uv":[2.125,11.5,2.0,10.25],"rotation":0,"texture":"#0","tintindex":0}}},{"from":[6.530612,9.387755,6.6938777],"to":[9.469387,11.428572,9.877551],"rotation":{"angle":0.0,"axis":"y","origin":[7.5918365,3.5918365,8.653062]},"faces":{"south":{"uv":[10.25,11.875,10.5,12.0],"rotation":0,"texture":"#0","tintindex":0},"north":{"uv":[11.875,8.25,12.125,8.375],"rotation":0,"texture":"#0","tintindex":0},"down":{"uv":[0.25,9.125,0.0,10.125],"rotation":0,"texture":"#0","tintindex":0},"east":{"uv":[10.5,7.5,11.5,7.625],"rotation":0,"texture":"#0","tintindex":0},"west":{"uv":[10.625,4.125,11.625,4.25],"rotation":0,"texture":"#0","tintindex":0},"up":{"uv":[9.25,9.375,9.0,8.375],"rotation":0,"texture":"#0","tintindex":0}}},{"from":[6.530612,8.734694,6.367347],"to":[9.469387,11.428572,7.2653065],"rotation":{"angle":0.0,"axis":"y","origin":[7.5918365,3.5918365,6.0408163]},"faces":{"south":{"uv":[7.875,11.25,8.125,11.625],"rotation":0,"texture":"#0","tintindex":0},"north":{"uv":[1.625,9.125,1.875,9.5],"rotation":0,"texture":"#0","tintindex":0},"down":{"uv":[10.5,0.375,10.25,0.5],"rotation":0,"texture":"#0","tintindex":0},"east":{"uv":[7.875,8.5,8.0,8.875],"rotation":0,"texture":"#0","tintindex":0},"west":{"uv":[9.25,3.0,9.375,3.375],"rotation":0,"texture":"#0","tintindex":0},"up":{"uv":[10.375,3.5,10.125,3.375],"rotation":0,"texture":"#0","tintindex":0}}},{"from":[6.530612,8.734694,9.306122],"to":[9.469387,10.285715,9.877551],"rotation":{"angle":0.0,"axis":"y","origin":[7.5918365,3.5918365,8.979592]},"faces":{"south":{"uv":[11.375,1.25,11.625,1.625],"rotation":0,"texture":"#0","tintindex":0},"north":{"uv":[11.25,11.125,11.5,11.5],"rotation":0,"texture":"#0","tintindex":0},"down":{"uv":[12.125,5.0,11.875,5.125],"rotation":0,"texture":"#0","tintindex":0},"east":{"uv":[9.375,0.0,9.5,0.375],"rotation":0,"texture":"#0","tintindex":0},"west":{"uv":[4.375,9.375,4.5,9.75],"rotation":0,"texture":"#0","tintindex":0},"up":{"uv":[11.875,3.375,11.625,3.25],"rotation":0,"texture":"#0","tintindex":0}}},{"from":[5.5510206,8.408163,6.6938777],"to":[10.448979,11.102041,9.877551],"rotation":{"angle":0.0,"axis":"y","origin":[7.5918365,3.265306,6.367347]},"faces":{"south":{"uv":[2.75,8.0,3.75,8.375],"rotation":0,"texture":"#0","tintindex":0},"north":{"uv":[7.875,6.875,8.875,7.25],"rotation":0,"texture":"#0","tintindex":0},"down":{"uv":[5.5,4.625,4.5,5.625],"rotation":0,"texture":"#0","tintindex":0},"east":{"uv":[8.0,1.625,9.0,2.0],"rotation":0,"texture":"#0","tintindex":0},"west":{"uv":[3.875,8.0,4.875,8.375],"rotation":0,"texture":"#0","tintindex":0},"up":{"uv":[4.375,5.625,3.375,4.625],"rotation":0,"texture":"#0","tintindex":0}}},{"from":[5.2244897,8.081634,6.367347],"to":[6.693861,10.448979,10.204082],"rotation":{"angle":0.0,"axis":"y","origin":[4.9795914,2.612245,8.979592]},"faces":{"south":{"uv":[10.0,11.875,10.125,12.125],"rotation":0,"texture":"#0","tintindex":0},"north":{"uv":[9.75,11.875,9.875,12.125],"rotation":0,"texture":"#0","tintindex":0},"down":{"uv":[1.875,10.25,1.75,11.5],"rotation":0,"texture":"#0","tintindex":0},"east":{"uv":[5.875,8.5,7.125,8.75],"rotation":0,"texture":"#0","tintindex":0},"west":{"uv":[8.625,3.875,9.875,4.125],"rotation":0,"texture":"#0","tintindex":0},"up":{"uv":[1.625,11.5,1.5,10.25],"rotation":0,"texture":"#0","tintindex":0}}},{"from":[9.306122,8.081634,6.367347],"to":[10.775511,10.448979,10.204082],"rotation":{"angle":0.0,"axis":"y","origin":[7.9183674,2.612245,8.979592]},"faces":{"south":{"uv":[9.5,11.875,9.625,12.125],"rotation":0,"texture":"#0","tintindex":0},"north":{"uv":[9.25,11.875,9.375,12.125],"rotation":0,"texture":"#0","tintindex":0},"down":{"uv":[9.0,10.125,8.875,11.375],"rotation":0,"texture":"#0","tintindex":0},"east":{"uv":[8.125,3.5,9.375,3.75],"rotation":0,"texture":"#0","tintindex":0},"west":{"uv":[8.25,0.5,9.5,0.75],"rotation":0,"texture":"#0","tintindex":0},"up":{"uv":[4.0,11.25,3.875,10.0],"rotation":0,"texture":"#0","tintindex":0}}},{"from":[6.6938777,8.081634,9.306122],"to":[9.306122,10.448979,10.204082],"rotation":{"angle":0.0,"axis":"y","origin":[7.5918365,2.612245,8.979592]},"faces":{"south":{"uv":[7.875,9.0,8.875,9.25],"rotation":0,"texture":"#0","tintindex":0},"north":{"uv":[9.0,6.875,10.0,7.125],"rotation":0,"texture":"#0","tintindex":0},"down":{"uv":[11.5,6.0,10.5,6.125],"rotation":0,"texture":"#0","tintindex":0},"east":{"uv":[11.875,7.875,12.0,8.125],"rotation":0,"texture":"#0","tintindex":0},"west":{"uv":[9.0,11.875,9.125,12.125],"rotation":0,"texture":"#0","tintindex":0},"up":{"uv":[11.25,2.5,10.25,2.375],"rotation":0,"texture":"#0","tintindex":0}}},{"from":[6.6938777,8.081634,6.367347],"to":[9.306122,9.877551,7.2653065],"rotation":{"angle":0.0,"axis":"y","origin":[7.5918365,2.612245,6.0408163]},"faces":{"south":{"uv":[3.5,9.0,4.5,9.25],"rotation":0,"texture":"#0","tintindex":0},"north":{"uv":[9.0,2.625,10.0,2.875],"rotation":0,"texture":"#0","tintindex":0},"down":{"uv":[7.375,0.625,6.375,0.75],"rotation":0,"texture":"#0","tintindex":0},"east":{"uv":[7.875,7.375,8.0,7.625],"rotation":0,"texture":"#0","tintindex":0},"west":{"uv":[4.75,8.5,4.875,8.75],"rotation":0,"texture":"#0","tintindex":0},"up":{"uv":[6.0,1.0,5.0,0.875],"rotation":0,"texture":"#0","tintindex":0}}},{"from":[7.183673,6.775511,6.367347],"to":[10.12245,8.816327,7.5918365],"rotation":{"angle":0.0,"axis":"y","origin":[8.244898,1.6326537,6.367347]},"faces":{"south":{"uv":[6.625,7.5,6.875,7.625],"rotation":0,"texture":"#0","tintindex":0},"north":{"uv":[2.25,3.75,2.5,3.875],"rotation":0,"texture":"#0","tintindex":0},"down":{"uv":[6.625,11.625,6.375,11.875],"rotation":0,"texture":"#0","tintindex":0},"east":{"uv":[5.125,7.25,5.375,7.375],"rotation":0,"texture":"#0","tintindex":0},"west":{"uv":[9.5,3.625,9.75,3.75],"rotation":0,"texture":"#0","tintindex":0},"up":{"uv":[6.25,11.875,6.0,11.625],"rotation":0,"texture":"#0","tintindex":0}}},{"from":[7.5102043,4.4897957,6.938775],"to":[10.448979,8.489797,7.020408],"rotation":{"angle":0.0,"axis":"y","origin":[8.897959,0.97959137,6.938775]},"faces":{"south":{"uv":[9.75,0.625,10.0,1.5],"rotation":0,"texture":"#0","tintindex":0},"north":{"uv":[2.25,9.625,2.5,10.5],"rotation":0,"texture":"#0","tintindex":0},"down":{"uv":[11.875,2.875,11.625,3.125],"rotation":0,"texture":"#0","tintindex":0},"east":{"uv":[0.375,9.75,0.625,10.625],"rotation":0,"texture":"#0","tintindex":0},"west":{"uv":[0.75,9.75,1.0,10.625],"rotation":0,"texture":"#0","tintindex":0},"up":{"uv":[11.875,2.75,11.625,2.5],"rotation":0,"texture":"#0","tintindex":0}}},{"from":[5.5510206,6.122449,6.6938777],"to":[10.448979,10.448979,9.877551],"rotation":{"angle":0.0,"axis":"y","origin":[8.571428,2.2857141,8.0]},"faces":{"south":{"uv":[3.75,3.5,4.75,4.5],"rotation":0,"texture":"#0","tintindex":0},"north":{"uv":[3.75,1.25,4.75,2.25],"rotation":0,"texture":"#0","tintindex":0},"down":{"uv":[3.25,4.0,2.25,5.0],"rotation":0,"texture":"#0","tintindex":0},"east":{"uv":[3.75,2.375,4.75,3.375],"rotation":0,"texture":"#0","tintindex":0},"west":{"uv":[3.875,0.0,4.875,1.0],"rotation":0,"texture":"#0","tintindex":0},"up":{"uv":[1.0,5.0,0.0,4.0],"rotation":0,"texture":"#0","tintindex":0}}}],"textures":{"0":"modelengine:entity/dwarf_2"},"display":{"head":{"translation":[0.0,-6.4,0.0],"scale":[4.0,4.0,4.0]}}}