{"elements":[{"from":[5.7959185,4.421876,7.5885735],"to":[10.775511,5.646366,8.160002],"rotation":{"angle":0.0,"axis":"y","origin":[7.428571,6.7075906,8.568166]},"faces":{"south":{"uv":[1.625,6.375,1.875,7.625],"rotation":90,"texture":"#0","tintindex":0},"north":{"uv":[6.125,8.875,6.375,10.125],"rotation":270,"texture":"#0","tintindex":0},"down":{"uv":[3.625,10.5,3.75,11.75],"rotation":90,"texture":"#0","tintindex":0},"east":{"uv":[12.125,2.5,12.0,2.25],"rotation":180,"texture":"#0","tintindex":0},"west":{"uv":[2.5,12.0,2.375,12.25],"rotation":0,"texture":"#0","tintindex":0},"up":{"uv":[2.25,10.625,2.375,11.875],"rotation":90,"texture":"#0","tintindex":0}}},{"from":[7.673469,7.5239167,8.160002],"to":[8.897959,8.748406,8.486533],"rotation":{"angle":0.0,"axis":"y","origin":[7.428571,6.136162,8.568166]},"faces":{"south":{"uv":[3.375,11.875,3.625,12.125],"rotation":90,"texture":"#0","tintindex":0},"north":{"uv":[11.875,4.625,12.125,4.875],"rotation":270,"texture":"#0","tintindex":0},"down":{"uv":[4.875,12.0,5.0,12.25],"rotation":90,"texture":"#0","tintindex":0},"east":{"uv":[6.125,12.25,6.0,12.0],"rotation":180,"texture":"#0","tintindex":0},"west":{"uv":[6.375,12.0,6.25,12.25],"rotation":0,"texture":"#0","tintindex":0},"up":{"uv":[12.0,5.25,12.125,5.5],"rotation":90,"texture":"#0","tintindex":0}}},{"from":[6.3804326,7.512505,7.8334713],"to":[7.673518,8.771305,8.486533],"rotation":{"angle":0.0,"axis":"y","origin":[7.428571,6.7075906,8.568166]},"faces":{"south":{"uv":[11.75,10.375,12.0,10.625],"rotation":90,"texture":"#0","tintindex":0},"north":{"uv":[11.875,0.0,12.125,0.25],"rotation":270,"texture":"#0","tintindex":0},"down":{"uv":[11.75,10.0,12.0,10.25],"rotation":90,"texture":"#0","tintindex":0},"east":{"uv":[12.125,0.625,11.875,0.375],"rotation":180,"texture":"#0","tintindex":0},"west":{"uv":[3.25,11.875,3.0,12.125],"rotation":0,"texture":"#0","tintindex":0},"up":{"uv":[10.875,11.75,11.125,12.0],"rotation":90,"texture":"#0","tintindex":0}}},{"from":[6.369004,8.748406,7.8334713],"to":[8.883289,9.972897,8.486533],"rotation":{"angle":0.0,"axis":"y","origin":[7.428571,6.7075906,8.568166]},"faces":{"south":{"uv":[11.25,0.0,11.5,0.5],"rotation":90,"texture":"#0","tintindex":0},"north":{"uv":[3.25,11.25,3.5,11.75],"rotation":270,"texture":"#0","tintindex":0},"down":{"uv":[10.875,11.125,11.125,11.625],"rotation":90,"texture":"#0","tintindex":0},"east":{"uv":[8.0,12.0,7.75,11.75],"rotation":180,"texture":"#0","tintindex":0},"west":{"uv":[12.0,9.625,11.75,9.875],"rotation":0,"texture":"#0","tintindex":0},"up":{"uv":[11.25,0.625,11.5,1.125],"rotation":90,"texture":"#0","tintindex":0}}},{"from":[6.369004,6.299427,7.8334713],"to":[8.883289,7.5239167,8.486533],"rotation":{"angle":0.0,"axis":"y","origin":[7.428571,6.7075906,8.568166]},"faces":{"south":{"uv":[11.0,9.0,11.25,9.5],"rotation":90,"texture":"#0","tintindex":0},"north":{"uv":[11.125,8.125,11.375,8.625],"rotation":270,"texture":"#0","tintindex":0},"down":{"uv":[11.0,2.625,11.25,3.125],"rotation":90,"texture":"#0","tintindex":0},"east":{"uv":[12.0,6.75,11.75,6.5],"rotation":180,"texture":"#0","tintindex":0},"west":{"uv":[12.0,6.875,11.75,7.125],"rotation":0,"texture":"#0","tintindex":0},"up":{"uv":[7.125,11.125,7.375,11.625],"rotation":90,"texture":"#0","tintindex":0}}},{"from":[8.840833,6.299427,7.8334713],"to":[10.12249,9.972897,8.486533],"rotation":{"angle":0.0,"axis":"y","origin":[7.428571,6.7075906,8.568166]},"faces":{"south":{"uv":[10.125,6.75,10.875,7.0],"rotation":90,"texture":"#0","tintindex":0},"north":{"uv":[10.25,0.0,11.0,0.25],"rotation":270,"texture":"#0","tintindex":0},"down":{"uv":[7.125,11.75,7.375,12.0],"rotation":90,"texture":"#0","tintindex":0},"east":{"uv":[8.75,10.875,8.5,10.125],"rotation":180,"texture":"#0","tintindex":0},"west":{"uv":[0.25,10.25,0.0,11.0],"rotation":0,"texture":"#0","tintindex":0},"up":{"uv":[11.75,7.5,12.0,7.75],"rotation":90,"texture":"#0","tintindex":0}}},{"from":[5.7959185,6.299427,8.160002],"to":[6.367347,9.972897,8.486533],"rotation":{"angle":0.0,"axis":"y","origin":[7.428571,6.7075906,8.568166]},"faces":{"south":{"uv":[10.125,2.625,10.875,2.875],"rotation":90,"texture":"#0","tintindex":0},"north":{"uv":[10.125,3.0,10.875,3.25],"rotation":270,"texture":"#0","tintindex":0},"down":{"uv":[4.375,12.0,4.5,12.25],"rotation":90,"texture":"#0","tintindex":0},"east":{"uv":[11.5,9.5,11.375,8.75],"rotation":180,"texture":"#0","tintindex":0},"west":{"uv":[4.25,11.5,4.125,12.25],"rotation":0,"texture":"#0","tintindex":0},"up":{"uv":[4.625,12.0,4.75,12.25],"rotation":90,"texture":"#0","tintindex":0}}},{"from":[5.7959185,9.972897,8.160002],"to":[10.12245,12.176978,8.486533],"rotation":{"angle":0.0,"axis":"y","origin":[7.428571,6.7075906,8.568166]},"faces":{"south":{"uv":[6.375,6.375,7.0,7.375],"rotation":90,"texture":"#0","tintindex":0},"north":{"uv":[0.0,6.5,0.625,7.5],"rotation":270,"texture":"#0","tintindex":0},"down":{"uv":[0.0,11.125,0.125,12.125],"rotation":90,"texture":"#0","tintindex":0},"east":{"uv":[1.5,12.25,1.375,11.625],"rotation":180,"texture":"#0","tintindex":0},"west":{"uv":[1.75,11.625,1.625,12.25],"rotation":0,"texture":"#0","tintindex":0},"up":{"uv":[6.875,11.125,7.0,12.125],"rotation":90,"texture":"#0","tintindex":0}}},{"from":[5.7959185,10.625958,7.5885735],"to":[10.775511,11.850448,8.160002],"rotation":{"angle":0.0,"axis":"y","origin":[7.428571,6.7075906,8.568166]},"faces":{"south":{"uv":[6.5,8.875,6.75,10.125],"rotation":90,"texture":"#0","tintindex":0},"north":{"uv":[6.875,8.875,7.125,10.125],"rotation":270,"texture":"#0","tintindex":0},"down":{"uv":[2.5,10.625,2.625,11.875],"rotation":90,"texture":"#0","tintindex":0},"east":{"uv":[2.75,12.25,2.625,12.0],"rotation":180,"texture":"#0","tintindex":0},"west":{"uv":[12.125,2.625,12.0,2.875],"rotation":0,"texture":"#0","tintindex":0},"up":{"uv":[2.75,10.625,2.875,11.875],"rotation":90,"texture":"#0","tintindex":0}}},{"from":[5.7959185,4.0953455,8.160002],"to":[10.12245,6.299427,8.486533],"rotation":{"angle":0.0,"axis":"y","origin":[7.428571,6.7075906,8.568166]},"faces":{"south":{"uv":[0.875,6.375,1.5,7.375],"rotation":90,"texture":"#0","tintindex":0},"north":{"uv":[5.625,6.375,6.25,7.375],"rotation":270,"texture":"#0","tintindex":0},"down":{"uv":[10.125,0.625,10.625,1.0],"rotation":90,"texture":"#0","tintindex":0},"east":{"uv":[11.625,10.625,11.5,10.0],"rotation":180,"texture":"#0","tintindex":0},"west":{"uv":[11.75,0.0,11.625,0.625],"rotation":0,"texture":"#0","tintindex":0},"up":{"uv":[8.5,11.0,8.625,12.0],"rotation":90,"texture":"#0","tintindex":0}}},{"from":[10.12245,4.0953455,8.160002],"to":[10.775511,12.176978,8.486533],"rotation":{"angle":0.0,"axis":"y","origin":[7.428571,6.7075906,8.568166]},"faces":{"south":{"uv":[6.875,2.25,8.875,2.5],"rotation":90,"texture":"#0","tintindex":0},"north":{"uv":[6.875,2.625,8.875,2.875],"rotation":270,"texture":"#0","tintindex":0},"down":{"uv":[12.0,3.0,12.125,3.25],"rotation":90,"texture":"#0","tintindex":0},"east":{"uv":[6.0,11.25,5.875,9.25],"rotation":180,"texture":"#0","tintindex":0},"west":{"uv":[4.25,9.375,4.125,11.375],"rotation":0,"texture":"#0","tintindex":0},"up":{"uv":[12.0,4.0,12.125,4.25],"rotation":90,"texture":"#0","tintindex":0}}}],"textures":{"0":"modelengine:entity/dwarf_2"},"display":{"head":{"translation":[0.0,-6.4,0.0],"scale":[4.0,4.0,4.0]}}}