{"elements":[{"from":[11.914286,8.0,7.8628573],"to":[12.782858,10.649143,8.731428],"rotation":{"angle":0.0,"axis":"y","origin":[7.5714283,8.0,7.428571]},"faces":{"south":{"uv":[2.75,6.25,3.25,7.75],"rotation":0,"texture":"#0","tintindex":0},"north":{"uv":[1.25,6.25,1.75,7.75],"rotation":0,"texture":"#0","tintindex":0},"down":{"uv":[9.25,7.25,8.75,7.75],"rotation":0,"texture":"#0","tintindex":0},"east":{"uv":[2.0,6.25,2.5,7.75],"rotation":0,"texture":"#0","tintindex":0},"west":{"uv":[5.5,6.5,6.0,8.0],"rotation":0,"texture":"#0","tintindex":0},"up":{"uv":[9.25,7.0,8.75,6.5],"rotation":0,"texture":"#0","tintindex":0}}},{"from":[8.874286,8.868571,8.297143],"to":[12.348572,10.605715,13.508572],"rotation":{"angle":0.0,"axis":"y","origin":[7.1371427,8.0,7.428571]},"faces":{"south":{"uv":[5.5,5.25,7.5,6.25],"rotation":0,"texture":"#0","tintindex":0},"north":{"uv":[5.5,5.25,7.5,6.25],"rotation":0,"texture":"#0","tintindex":0},"down":{"uv":[4.25,0.0,2.25,3.0],"rotation":0,"texture":"#0","tintindex":0},"east":{"uv":[5.5,2.75,8.5,3.75],"rotation":0,"texture":"#0","tintindex":0},"west":{"uv":[5.5,4.0,8.5,5.0],"rotation":0,"texture":"#0","tintindex":0},"up":{"uv":[2.0,3.0,0.0,0.0],"rotation":0,"texture":"#0","tintindex":0}}},{"from":[8.657143,12.7771435,8.731428],"to":[9.525715,13.645715,13.0742855],"rotation":{"angle":0.0,"axis":"y","origin":[6.92,13.645715,7.428571]},"faces":{"south":{"uv":[3.0,9.0,3.5,9.5],"rotation":0,"texture":"#0","tintindex":0},"north":{"uv":[9.0,1.25,9.5,1.75],"rotation":0,"texture":"#0","tintindex":0},"down":{"uv":[5.25,6.0,4.75,8.5],"rotation":0,"texture":"#0","tintindex":0},"east":{"uv":[6.0,0.0,8.5,0.5],"rotation":0,"texture":"#0","tintindex":0},"west":{"uv":[6.0,0.75,8.5,1.25],"rotation":0,"texture":"#0","tintindex":0},"up":{"uv":[4.5,8.5,4.0,6.0],"rotation":0,"texture":"#0","tintindex":0}}},{"from":[11.697143,12.7771435,8.731428],"to":[12.565714,13.645715,13.0742855],"rotation":{"angle":0.0,"axis":"y","origin":[14.302857,13.645715,7.428571]},"faces":{"south":{"uv":[3.5,9.5,3.0,9.0],"rotation":0,"texture":"#0","tintindex":0},"north":{"uv":[9.5,1.75,9.0,1.25],"rotation":0,"texture":"#0","tintindex":0},"down":{"uv":[4.75,6.0,5.25,8.5],"rotation":0,"texture":"#0","tintindex":0},"east":{"uv":[8.5,1.25,6.0,0.75],"rotation":0,"texture":"#0","tintindex":0},"west":{"uv":[8.5,0.5,6.0,0.0],"rotation":0,"texture":"#0","tintindex":0},"up":{"uv":[4.0,8.5,4.5,6.0],"rotation":0,"texture":"#0","tintindex":0}}},{"from":[9.525715,12.56,8.731428],"to":[11.697143,13.428572,13.0742855],"rotation":{"angle":0.0,"axis":"y","origin":[6.92,13.428572,7.428571]},"faces":{"south":{"uv":[1.5,8.0,2.75,8.5],"rotation":0,"texture":"#0","tintindex":0},"north":{"uv":[0.0,8.0,1.25,8.5],"rotation":0,"texture":"#0","tintindex":0},"down":{"uv":[5.75,0.0,4.5,2.5],"rotation":0,"texture":"#0","tintindex":0},"east":{"uv":[6.0,0.5,8.5,0.0],"rotation":0,"texture":"#0","tintindex":0},"west":{"uv":[6.0,1.25,8.5,0.75],"rotation":0,"texture":"#0","tintindex":0},"up":{"uv":[5.25,5.75,4.0,3.25],"rotation":0,"texture":"#0","tintindex":0}}},{"from":[9.525715,8.217143,8.731428],"to":[11.697143,9.085714,13.0742855],"rotation":{"angle":0.0,"axis":"y","origin":[6.92,8.217143,7.428571]},"faces":{"south":{"uv":[1.5,8.0,2.75,8.5],"rotation":0,"texture":"#0","tintindex":0},"north":{"uv":[0.0,8.0,1.25,8.5],"rotation":0,"texture":"#0","tintindex":0},"down":{"uv":[5.25,5.75,4.0,3.25],"rotation":0,"texture":"#0","tintindex":0},"east":{"uv":[6.0,0.0,8.5,0.5],"rotation":0,"texture":"#0","tintindex":0},"west":{"uv":[6.0,0.75,8.5,1.25],"rotation":0,"texture":"#0","tintindex":0},"up":{"uv":[5.75,0.0,4.5,2.5],"rotation":0,"texture":"#0","tintindex":0}}},{"from":[8.874286,11.04,8.297143],"to":[12.348572,12.7771435,13.508572],"rotation":{"angle":0.0,"axis":"y","origin":[7.1371427,13.645715,7.428571]},"faces":{"south":{"uv":[5.5,6.25,7.5,5.25],"rotation":0,"texture":"#0","tintindex":0},"north":{"uv":[5.5,6.25,7.5,5.25],"rotation":0,"texture":"#0","tintindex":0},"down":{"uv":[0.0,0.0,2.0,3.0],"rotation":0,"texture":"#0","tintindex":0},"east":{"uv":[5.5,3.75,8.5,2.75],"rotation":0,"texture":"#0","tintindex":0},"west":{"uv":[5.5,5.0,8.5,4.0],"rotation":0,"texture":"#0","tintindex":0},"up":{"uv":[2.25,0.0,4.25,3.0],"rotation":0,"texture":"#0","tintindex":0}}},{"from":[9.308572,12.770361,8.08],"to":[11.914286,13.638931,8.948571],"rotation":{"angle":0.0,"axis":"y","origin":[7.1371427,13.638931,7.428571]},"faces":{"south":{"uv":[7.25,1.5,8.75,2.0],"rotation":0,"texture":"#0","tintindex":0},"north":{"uv":[6.25,6.5,7.75,7.0],"rotation":0,"texture":"#0","tintindex":0},"down":{"uv":[9.25,5.25,7.75,5.75],"rotation":0,"texture":"#0","tintindex":0},"east":{"uv":[8.75,8.0,9.25,8.5],"rotation":0,"texture":"#0","tintindex":0},"west":{"uv":[8.75,8.75,9.25,9.25],"rotation":0,"texture":"#0","tintindex":0},"up":{"uv":[7.75,7.75,6.25,7.25],"rotation":0,"texture":"#0","tintindex":0}}},{"from":[9.308572,12.770361,12.857143],"to":[11.914286,13.638931,13.725715],"rotation":{"angle":0.0,"axis":"y","origin":[7.1371427,13.638931,14.377143]},"faces":{"south":{"uv":[7.75,7.0,6.25,6.5],"rotation":0,"texture":"#0","tintindex":0},"north":{"uv":[8.75,2.0,7.25,1.5],"rotation":0,"texture":"#0","tintindex":0},"down":{"uv":[9.25,5.75,7.75,5.25],"rotation":0,"texture":"#0","tintindex":0},"east":{"uv":[9.25,8.5,8.75,8.0],"rotation":0,"texture":"#0","tintindex":0},"west":{"uv":[9.25,9.25,8.75,8.75],"rotation":0,"texture":"#0","tintindex":0},"up":{"uv":[7.75,7.25,6.25,7.75],"rotation":0,"texture":"#0","tintindex":0}}},{"from":[11.697143,8.0,8.731428],"to":[12.565714,8.868571,13.0742855],"rotation":{"angle":0.0,"axis":"y","origin":[14.302857,8.868571,7.428571]},"faces":{"south":{"uv":[3.5,9.5,3.0,9.0],"rotation":0,"texture":"#0","tintindex":0},"north":{"uv":[9.5,1.75,9.0,1.25],"rotation":0,"texture":"#0","tintindex":0},"down":{"uv":[4.75,6.0,5.25,8.5],"rotation":0,"texture":"#0","tintindex":0},"east":{"uv":[8.5,1.25,6.0,0.75],"rotation":0,"texture":"#0","tintindex":0},"west":{"uv":[8.5,0.5,6.0,0.0],"rotation":0,"texture":"#0","tintindex":0},"up":{"uv":[4.0,8.5,4.5,6.0],"rotation":0,"texture":"#0","tintindex":0}}},{"from":[9.308572,7.993217,12.857143],"to":[11.914286,8.861789,13.725715],"rotation":{"angle":0.0,"axis":"y","origin":[7.1371427,8.861789,14.377143]},"faces":{"south":{"uv":[7.75,7.0,6.25,6.5],"rotation":0,"texture":"#0","tintindex":0},"north":{"uv":[8.75,2.0,7.25,1.5],"rotation":0,"texture":"#0","tintindex":0},"down":{"uv":[9.25,5.75,7.75,5.25],"rotation":0,"texture":"#0","tintindex":0},"east":{"uv":[9.25,8.5,8.75,8.0],"rotation":0,"texture":"#0","tintindex":0},"west":{"uv":[9.25,9.25,8.75,8.75],"rotation":0,"texture":"#0","tintindex":0},"up":{"uv":[7.75,7.25,6.25,7.75],"rotation":0,"texture":"#0","tintindex":0}}},{"from":[8.657143,8.0,8.731428],"to":[9.525715,8.868571,13.0742855],"rotation":{"angle":0.0,"axis":"y","origin":[6.92,8.868571,7.428571]},"faces":{"south":{"uv":[3.0,9.5,3.5,9.0],"rotation":0,"texture":"#0","tintindex":0},"north":{"uv":[9.0,1.75,9.5,1.25],"rotation":0,"texture":"#0","tintindex":0},"down":{"uv":[5.25,6.0,4.75,8.5],"rotation":0,"texture":"#0","tintindex":0},"east":{"uv":[6.0,0.5,8.5,0.0],"rotation":0,"texture":"#0","tintindex":0},"west":{"uv":[6.0,1.25,8.5,0.75],"rotation":0,"texture":"#0","tintindex":0},"up":{"uv":[4.5,8.5,4.0,6.0],"rotation":0,"texture":"#0","tintindex":0}}},{"from":[9.308572,7.993217,8.08],"to":[11.914286,8.861789,8.948571],"rotation":{"angle":0.0,"axis":"y","origin":[7.1371427,8.861789,7.428571]},"faces":{"south":{"uv":[7.25,2.0,8.75,1.5],"rotation":0,"texture":"#0","tintindex":0},"north":{"uv":[6.25,7.0,7.75,6.5],"rotation":0,"texture":"#0","tintindex":0},"down":{"uv":[9.25,5.25,7.75,5.75],"rotation":0,"texture":"#0","tintindex":0},"east":{"uv":[8.75,8.5,9.25,8.0],"rotation":0,"texture":"#0","tintindex":0},"west":{"uv":[8.75,9.25,9.25,8.75],"rotation":0,"texture":"#0","tintindex":0},"up":{"uv":[7.75,7.75,6.25,7.25],"rotation":0,"texture":"#0","tintindex":0}}},{"from":[11.914286,10.996572,7.8628573],"to":[12.782858,13.645715,8.731428],"rotation":{"angle":0.0,"axis":"y","origin":[7.5714283,13.645715,7.428571]},"faces":{"south":{"uv":[2.75,7.75,3.25,6.25],"rotation":0,"texture":"#0","tintindex":0},"north":{"uv":[1.25,7.75,1.75,6.25],"rotation":0,"texture":"#0","tintindex":0},"down":{"uv":[9.25,6.5,8.75,7.0],"rotation":0,"texture":"#0","tintindex":0},"east":{"uv":[2.0,7.75,2.5,6.25],"rotation":0,"texture":"#0","tintindex":0},"west":{"uv":[5.5,8.0,6.0,6.5],"rotation":0,"texture":"#0","tintindex":0},"up":{"uv":[8.75,7.25,9.25,7.75],"rotation":0,"texture":"#0","tintindex":0}}},{"from":[11.914286,10.996572,13.0742855],"to":[12.782858,13.645715,13.942858],"rotation":{"angle":0.0,"axis":"y","origin":[7.5714283,13.645715,14.377143]},"faces":{"south":{"uv":[1.75,7.75,1.25,6.25],"rotation":0,"texture":"#0","tintindex":0},"north":{"uv":[3.25,7.75,2.75,6.25],"rotation":0,"texture":"#0","tintindex":0},"down":{"uv":[9.25,7.0,8.75,6.5],"rotation":0,"texture":"#0","tintindex":0},"east":{"uv":[2.5,7.75,2.0,6.25],"rotation":0,"texture":"#0","tintindex":0},"west":{"uv":[6.0,8.0,5.5,6.5],"rotation":0,"texture":"#0","tintindex":0},"up":{"uv":[8.75,7.75,9.25,7.25],"rotation":0,"texture":"#0","tintindex":0}}},{"from":[11.914286,8.0,13.0742855],"to":[12.782858,10.649143,13.942858],"rotation":{"angle":0.0,"axis":"y","origin":[7.5714283,8.0,14.377143]},"faces":{"south":{"uv":[1.75,6.25,1.25,7.75],"rotation":0,"texture":"#0","tintindex":0},"north":{"uv":[3.25,6.25,2.75,7.75],"rotation":0,"texture":"#0","tintindex":0},"down":{"uv":[8.75,7.75,9.25,7.25],"rotation":0,"texture":"#0","tintindex":0},"east":{"uv":[2.5,6.25,2.0,7.75],"rotation":0,"texture":"#0","tintindex":0},"west":{"uv":[6.0,6.5,5.5,8.0],"rotation":0,"texture":"#0","tintindex":0},"up":{"uv":[8.75,7.0,9.25,6.5],"rotation":0,"texture":"#0","tintindex":0}}},{"from":[8.44,10.996572,7.8628573],"to":[9.308572,13.645715,8.731428],"rotation":{"angle":0.0,"axis":"y","origin":[13.651429,13.645715,7.428571]},"faces":{"south":{"uv":[3.25,7.75,2.75,6.25],"rotation":0,"texture":"#0","tintindex":0},"north":{"uv":[1.75,7.75,1.25,6.25],"rotation":0,"texture":"#0","tintindex":0},"down":{"uv":[8.75,6.5,9.25,7.0],"rotation":0,"texture":"#0","tintindex":0},"east":{"uv":[6.0,8.0,5.5,6.5],"rotation":0,"texture":"#0","tintindex":0},"west":{"uv":[2.5,7.75,2.0,6.25],"rotation":0,"texture":"#0","tintindex":0},"up":{"uv":[9.25,7.25,8.75,7.75],"rotation":0,"texture":"#0","tintindex":0}}},{"from":[8.44,8.0,7.8628573],"to":[9.308572,10.649143,8.731428],"rotation":{"angle":0.0,"axis":"y","origin":[13.651429,8.0,7.428571]},"faces":{"south":{"uv":[3.25,6.25,2.75,7.75],"rotation":0,"texture":"#0","tintindex":0},"north":{"uv":[1.75,6.25,1.25,7.75],"rotation":0,"texture":"#0","tintindex":0},"down":{"uv":[9.25,7.25,8.75,7.75],"rotation":0,"texture":"#0","tintindex":0},"east":{"uv":[6.0,6.5,5.5,8.0],"rotation":0,"texture":"#0","tintindex":0},"west":{"uv":[2.5,6.25,2.0,7.75],"rotation":0,"texture":"#0","tintindex":0},"up":{"uv":[9.25,6.5,8.75,7.0],"rotation":0,"texture":"#0","tintindex":0}}},{"from":[8.44,10.996572,13.0742855],"to":[9.308572,13.645715,13.942858],"rotation":{"angle":0.0,"axis":"y","origin":[13.651429,13.645715,14.377143]},"faces":{"south":{"uv":[1.25,7.75,1.75,6.25],"rotation":0,"texture":"#0","tintindex":0},"north":{"uv":[2.75,7.75,3.25,6.25],"rotation":0,"texture":"#0","tintindex":0},"down":{"uv":[8.75,7.0,9.25,6.5],"rotation":0,"texture":"#0","tintindex":0},"east":{"uv":[5.5,8.0,6.0,6.5],"rotation":0,"texture":"#0","tintindex":0},"west":{"uv":[2.0,7.75,2.5,6.25],"rotation":0,"texture":"#0","tintindex":0},"up":{"uv":[9.25,7.75,8.75,7.25],"rotation":0,"texture":"#0","tintindex":0}}},{"from":[8.44,8.0,13.0742855],"to":[9.308572,10.649143,13.942858],"rotation":{"angle":0.0,"axis":"y","origin":[13.651429,8.0,14.377143]},"faces":{"south":{"uv":[1.25,6.25,1.75,7.75],"rotation":0,"texture":"#0","tintindex":0},"north":{"uv":[2.75,6.25,3.25,7.75],"rotation":0,"texture":"#0","tintindex":0},"down":{"uv":[9.25,7.75,8.75,7.25],"rotation":0,"texture":"#0","tintindex":0},"east":{"uv":[5.5,6.5,6.0,8.0],"rotation":0,"texture":"#0","tintindex":0},"west":{"uv":[2.0,6.25,2.5,7.75],"rotation":0,"texture":"#0","tintindex":0},"up":{"uv":[9.25,7.0,8.75,6.5],"rotation":0,"texture":"#0","tintindex":0}}},{"from":[11.914286,9.954286,10.034286],"to":[12.782858,11.691429,11.771429],"rotation":{"angle":0.0,"axis":"y","origin":[7.5714283,7.3485713,7.428571]},"faces":{"south":{"uv":[7.25,8.0,7.75,9.0],"rotation":0,"texture":"#0","tintindex":0},"north":{"uv":[8.0,6.5,8.5,7.5],"rotation":0,"texture":"#0","tintindex":0},"down":{"uv":[6.0,8.25,5.5,9.25],"rotation":0,"texture":"#0","tintindex":0},"east":{"uv":[6.0,1.5,7.0,2.5],"rotation":0,"texture":"#0","tintindex":0},"west":{"uv":[0.0,6.25,1.0,7.25],"rotation":0,"texture":"#0","tintindex":0},"up":{"uv":[8.5,8.75,8.0,7.75],"rotation":0,"texture":"#0","tintindex":0}}},{"from":[9.091429,10.605715,8.514286],"to":[12.131429,11.04,13.2914295],"rotation":{"angle":0.0,"axis":"y","origin":[7.3542857,8.0,7.6457143]},"faces":{"south":{"uv":[8.75,3.25,10.5,3.5],"rotation":0,"texture":"#0","tintindex":0},"north":{"uv":[8.75,2.75,10.5,3.0],"rotation":0,"texture":"#0","tintindex":0},"down":{"uv":[3.75,3.25,2.0,6.0],"rotation":0,"texture":"#0","tintindex":0},"east":{"uv":[7.25,2.25,10.0,2.5],"rotation":0,"texture":"#0","tintindex":0},"west":{"uv":[7.75,6.0,10.5,6.25],"rotation":0,"texture":"#0","tintindex":0},"up":{"uv":[1.75,6.0,0.0,3.25],"rotation":0,"texture":"#0","tintindex":0}}},{"from":[8.44,9.954286,9.382857],"to":[9.308572,11.691429,10.251429],"rotation":{"angle":0.0,"axis":"y","origin":[8.874286,10.822857,9.8171425]},"faces":{"south":{"uv":[0.75,8.75,1.25,9.75],"rotation":0,"texture":"#0","tintindex":0},"north":{"uv":[0.0,8.75,0.5,9.75],"rotation":0,"texture":"#0","tintindex":0},"down":{"uv":[8.5,9.0,8.0,9.5],"rotation":0,"texture":"#0","tintindex":0},"east":{"uv":[8.75,0.0,9.25,1.0],"rotation":0,"texture":"#0","tintindex":0},"west":{"uv":[1.5,8.75,2.0,9.75],"rotation":0,"texture":"#0","tintindex":0},"up":{"uv":[6.75,9.5,6.25,9.0],"rotation":0,"texture":"#0","tintindex":0}}},{"from":[8.44,9.954286,11.554286],"to":[9.308572,11.691429,12.422857],"rotation":{"angle":0.0,"axis":"y","origin":[8.874286,10.822857,11.988571]},"faces":{"south":{"uv":[0.75,8.75,1.25,9.75],"rotation":0,"texture":"#0","tintindex":0},"north":{"uv":[0.0,8.75,0.5,9.75],"rotation":0,"texture":"#0","tintindex":0},"down":{"uv":[8.5,9.0,8.0,9.5],"rotation":0,"texture":"#0","tintindex":0},"east":{"uv":[9.25,0.0,8.75,1.0],"rotation":0,"texture":"#0","tintindex":0},"west":{"uv":[2.0,9.75,1.5,8.75],"rotation":0,"texture":"#0","tintindex":0},"up":{"uv":[6.75,9.5,6.25,9.0],"rotation":0,"texture":"#0","tintindex":0}}},{"from":[10.177143,10.171429,7.428571],"to":[11.045714,11.474286,8.731428],"rotation":{"angle":0.0,"axis":"y","origin":[7.1371427,5.8285713,4.3885713]},"faces":{"south":{"uv":[8.75,3.75,9.25,4.5],"rotation":0,"texture":"#0","tintindex":0},"north":{"uv":[2.25,8.75,2.75,9.5],"rotation":0,"texture":"#0","tintindex":0},"down":{"uv":[5.25,8.75,4.75,9.5],"rotation":0,"texture":"#0","tintindex":0},"east":{"uv":[3.0,8.0,3.75,8.75],"rotation":0,"texture":"#0","tintindex":0},"west":{"uv":[6.25,8.0,7.0,8.75],"rotation":0,"texture":"#0","tintindex":0},"up":{"uv":[4.5,9.5,4.0,8.75],"rotation":0,"texture":"#0","tintindex":0}}},{"from":[9.742857,8.868571,7.6457143],"to":[10.177143,10.605715,8.08],"rotation":{"angle":0.0,"axis":"y","origin":[7.1371427,4.96,4.1714287]},"faces":{"south":{"uv":[7.5,9.25,7.75,10.25],"rotation":0,"texture":"#0","tintindex":0},"north":{"uv":[3.5,6.25,3.75,7.25],"rotation":0,"texture":"#0","tintindex":0},"down":{"uv":[3.75,7.5,3.5,7.75],"rotation":0,"texture":"#0","tintindex":0},"east":{"uv":[7.0,9.25,7.25,10.25],"rotation":0,"texture":"#0","tintindex":0},"west":{"uv":[9.5,0.0,9.75,1.0],"rotation":0,"texture":"#0","tintindex":0},"up":{"uv":[1.0,7.75,0.75,7.5],"rotation":0,"texture":"#0","tintindex":0}}},{"from":[10.177143,8.868571,7.6457143],"to":[11.045714,9.302857,8.08],"rotation":{"angle":0.0,"axis":"y","origin":[7.1371427,4.96,4.1714287]},"faces":{"south":{"uv":[0.0,7.5,0.5,7.75],"rotation":0,"texture":"#0","tintindex":0},"north":{"uv":[4.5,2.75,5.0,3.0],"rotation":0,"texture":"#0","tintindex":0},"down":{"uv":[10.0,5.0,9.5,5.25],"rotation":0,"texture":"#0","tintindex":0},"east":{"uv":[9.5,9.0,9.75,9.25],"rotation":0,"texture":"#0","tintindex":0},"west":{"uv":[9.25,9.5,9.5,9.75],"rotation":0,"texture":"#0","tintindex":0},"up":{"uv":[9.25,5.0,8.75,4.75],"rotation":0,"texture":"#0","tintindex":0}}},{"from":[11.045714,8.868571,7.6457143],"to":[11.4800005,10.605715,8.08],"rotation":{"angle":0.0,"axis":"y","origin":[7.1371427,4.96,4.1714287]},"faces":{"south":{"uv":[9.5,6.5,9.75,7.5],"rotation":0,"texture":"#0","tintindex":0},"north":{"uv":[9.5,3.75,9.75,4.75],"rotation":0,"texture":"#0","tintindex":0},"down":{"uv":[9.0,9.5,8.75,9.75],"rotation":0,"texture":"#0","tintindex":0},"east":{"uv":[5.5,9.5,5.75,10.5],"rotation":0,"texture":"#0","tintindex":0},"west":{"uv":[9.5,7.75,9.75,8.75],"rotation":0,"texture":"#0","tintindex":0},"up":{"uv":[9.75,5.75,9.5,5.5],"rotation":0,"texture":"#0","tintindex":0}}},{"from":[10.177143,10.171429,13.0742855],"to":[11.045714,11.474286,14.377143],"rotation":{"angle":0.0,"axis":"y","origin":[7.1371427,5.8285713,17.417143]},"faces":{"south":{"uv":[2.75,8.75,2.25,9.5],"rotation":0,"texture":"#0","tintindex":0},"north":{"uv":[9.25,3.75,8.75,4.5],"rotation":0,"texture":"#0","tintindex":0},"down":{"uv":[4.75,9.5,5.25,8.75],"rotation":0,"texture":"#0","tintindex":0},"east":{"uv":[3.75,8.0,3.0,8.75],"rotation":0,"texture":"#0","tintindex":0},"west":{"uv":[7.0,8.0,6.25,8.75],"rotation":0,"texture":"#0","tintindex":0},"up":{"uv":[4.0,9.5,4.5,8.75],"rotation":0,"texture":"#0","tintindex":0}}},{"from":[11.045714,8.868571,13.725715],"to":[11.4800005,10.605715,14.16],"rotation":{"angle":0.0,"axis":"y","origin":[7.1371427,4.96,17.634287]},"faces":{"south":{"uv":[9.75,3.75,9.5,4.75],"rotation":0,"texture":"#0","tintindex":0},"north":{"uv":[9.75,6.5,9.5,7.5],"rotation":0,"texture":"#0","tintindex":0},"down":{"uv":[8.75,9.75,9.0,9.5],"rotation":0,"texture":"#0","tintindex":0},"east":{"uv":[5.75,9.5,5.5,10.5],"rotation":0,"texture":"#0","tintindex":0},"west":{"uv":[9.75,7.75,9.5,8.75],"rotation":0,"texture":"#0","tintindex":0},"up":{"uv":[9.5,5.75,9.75,5.5],"rotation":0,"texture":"#0","tintindex":0}}},{"from":[10.177143,8.868571,13.725715],"to":[11.045714,9.302857,14.16],"rotation":{"angle":0.0,"axis":"y","origin":[7.1371427,4.96,17.634287]},"faces":{"south":{"uv":[5.0,2.75,4.5,3.0],"rotation":0,"texture":"#0","tintindex":0},"north":{"uv":[0.5,7.5,0.0,7.75],"rotation":0,"texture":"#0","tintindex":0},"down":{"uv":[9.5,5.25,10.0,5.0],"rotation":0,"texture":"#0","tintindex":0},"east":{"uv":[9.75,9.0,9.5,9.25],"rotation":0,"texture":"#0","tintindex":0},"west":{"uv":[9.5,9.5,9.25,9.75],"rotation":0,"texture":"#0","tintindex":0},"up":{"uv":[8.75,5.0,9.25,4.75],"rotation":0,"texture":"#0","tintindex":0}}},{"from":[9.742857,8.868571,13.725715],"to":[10.177143,10.605715,14.16],"rotation":{"angle":0.0,"axis":"y","origin":[7.1371427,4.96,17.634287]},"faces":{"south":{"uv":[3.75,6.25,3.5,7.25],"rotation":0,"texture":"#0","tintindex":0},"north":{"uv":[7.75,9.25,7.5,10.25],"rotation":0,"texture":"#0","tintindex":0},"down":{"uv":[3.5,7.75,3.75,7.5],"rotation":0,"texture":"#0","tintindex":0},"east":{"uv":[7.25,9.25,7.0,10.25],"rotation":0,"texture":"#0","tintindex":0},"west":{"uv":[9.75,0.0,9.5,1.0],"rotation":0,"texture":"#0","tintindex":0},"up":{"uv":[0.75,7.75,1.0,7.5],"rotation":0,"texture":"#0","tintindex":0}}}],"textures":{"0":"modelengine:entity/texture_alien_case"},"display":{"head":{"translation":[0.0,-6.4,0.0],"scale":[4.0,4.0,4.0]}}}