{"textures":{"0":"modelengine:entity/dwarf_knight"},"elements":[{"from":[6.285714,5.333333,7.142857],"to":[9.714286,8.190476,8.857143],"rotation":{"angle":0.0,"axis":"y","origin":[8.0,5.7545834,9.369398]},"faces":{"south":{"uv":[2.625,5.5,3.375,6.125],"rotation":0,"texture":"#0","tintindex":0},"north":{"uv":[1.75,5.5,2.5,6.125],"rotation":0,"texture":"#0","tintindex":0},"down":{"uv":[0.75,7.75,0.0,8.125],"rotation":0,"texture":"#0","tintindex":0},"east":{"uv":[9.25,7.375,9.625,8.0],"rotation":0,"texture":"#0","tintindex":0},"west":{"uv":[9.25,8.125,9.625,8.75],"rotation":0,"texture":"#0","tintindex":0},"up":{"uv":[8.375,5.0,7.625,4.625],"rotation":0,"texture":"#0","tintindex":0}}},{"from":[7.142857,4.7619047,7.428571],"to":[8.857143,5.333333,8.571428],"rotation":{"angle":0.0,"axis":"y","origin":[8.0,5.7545834,9.369398]},"faces":{"south":{"uv":[8.125,6.625,8.5,6.75],"rotation":0,"texture":"#0","tintindex":0},"north":{"uv":[7.5,6.875,7.875,7.0],"rotation":0,"texture":"#0","tintindex":0},"down":{"uv":[11.75,9.875,11.375,10.125],"rotation":0,"texture":"#0","tintindex":0},"east":{"uv":[7.125,6.125,7.375,6.25],"rotation":0,"texture":"#0","tintindex":0},"west":{"uv":[8.125,2.75,8.375,2.875],"rotation":0,"texture":"#0","tintindex":0},"up":{"uv":[9.375,4.875,9.0,4.625],"rotation":0,"texture":"#0","tintindex":0}}},{"from":[6.857143,2.47619,7.142857],"to":[9.142858,4.7619047,8.857143],"rotation":{"angle":0.0,"axis":"y","origin":[8.0,5.7545834,9.369398]},"faces":{"south":{"uv":[7.375,8.25,7.875,8.75],"rotation":0,"texture":"#0","tintindex":0},"north":{"uv":[6.75,8.25,7.25,8.75],"rotation":0,"texture":"#0","tintindex":0},"down":{"uv":[10.25,7.875,9.75,8.25],"rotation":0,"texture":"#0","tintindex":0},"east":{"uv":[4.5,9.75,4.875,10.25],"rotation":0,"texture":"#0","tintindex":0},"west":{"uv":[5.0,9.75,5.375,10.25],"rotation":0,"texture":"#0","tintindex":0},"up":{"uv":[10.25,7.75,9.75,7.375],"rotation":0,"texture":"#0","tintindex":0}}}],"display":{"head":{"translation":[0.0,-6.4,0.0],"scale":[4.0,4.0,4.0]}}}