{"textures":{"0":"modelengine:entity/dwarf_knight"},"elements":[{"from":[5.428571,7.935165,6.2185755],"to":[10.571428,10.792308,9.647147],"rotation":{"angle":0.0,"axis":"y","origin":[8.0,9.499272,6.716545]},"faces":{"south":{"uv":[0.0,3.625,1.125,4.25],"rotation":0,"texture":"#0","tintindex":0},"north":{"uv":[3.5,2.875,4.625,3.5],"rotation":0,"texture":"#0","tintindex":0},"down":{"uv":[4.5,1.125,3.375,1.875],"rotation":0,"texture":"#0","tintindex":0},"east":{"uv":[0.0,5.5,0.75,6.125],"rotation":0,"texture":"#0","tintindex":0},"west":{"uv":[0.875,5.5,1.625,6.125],"rotation":0,"texture":"#0","tintindex":0},"up":{"uv":[3.375,3.25,2.25,2.5],"rotation":0,"texture":"#0","tintindex":0}}}],"display":{"head":{"translation":[0.0,-6.4,0.0],"scale":[4.0,4.0,4.0]}}}