{"textures":{"0":"modelengine:entity/dwarf_knight"},"elements":[{"from":[5.714286,7.8176374,5.29379],"to":[10.285714,12.346209,9.865219],"rotation":{"angle":0.0,"axis":"y","origin":[8.0,7.081745,6.9489026]},"faces":{"south":{"uv":[2.25,1.375,3.25,2.375],"rotation":0,"texture":"#0","tintindex":0},"north":{"uv":[0.0,1.375,1.0,2.375],"rotation":0,"texture":"#0","tintindex":0},"down":{"uv":[2.125,2.5,1.125,3.5],"rotation":0,"texture":"#0","tintindex":0},"east":{"uv":[1.125,1.375,2.125,2.375],"rotation":0,"texture":"#0","tintindex":0},"west":{"uv":[0.0,2.5,1.0,3.5],"rotation":0,"texture":"#0","tintindex":0},"up":{"uv":[3.5,1.0,2.5,0.0],"rotation":0,"texture":"#0","tintindex":0}}},{"from":[5.4214287,10.089066,4.4366474],"to":[10.578571,12.374781,10.150933],"rotation":{"angle":0.0,"axis":"y","origin":[8.0,7.081745,6.9489026]},"faces":{"south":{"uv":[4.75,4.125,5.875,4.625],"rotation":0,"texture":"#0","tintindex":0},"north":{"uv":[4.75,3.5,5.875,4.0],"rotation":0,"texture":"#0","tintindex":0},"down":{"uv":[2.375,0.0,1.25,1.25],"rotation":0,"texture":"#0","tintindex":0},"east":{"uv":[4.75,2.25,6.0,2.75],"rotation":0,"texture":"#0","tintindex":0},"west":{"uv":[4.75,2.875,6.0,3.375],"rotation":0,"texture":"#0","tintindex":0},"up":{"uv":[1.125,1.25,0.0,0.0],"rotation":0,"texture":"#0","tintindex":0}}},{"from":[6.974147,11.192655,6.7223616],"to":[9.259861,13.478369,8.436647],"rotation":{"angle":22.5,"axis":"z","origin":[8.0,7.081745,6.9489026]},"faces":{"south":{"uv":[8.0,8.25,8.5,8.75],"rotation":0,"texture":"#0","tintindex":0},"north":{"uv":[8.0,8.25,8.5,8.75],"rotation":0,"texture":"#0","tintindex":0},"down":{"uv":[10.375,1.25,9.875,1.625],"rotation":0,"texture":"#0","tintindex":0},"east":{"uv":[8.625,9.75,9.0,10.25],"rotation":0,"texture":"#0","tintindex":0},"west":{"uv":[8.625,9.75,9.0,10.25],"rotation":0,"texture":"#0","tintindex":0},"up":{"uv":[10.25,8.75,9.75,8.375],"rotation":0,"texture":"#0","tintindex":0}}},{"from":[4.9024324,10.455444,10.591086],"to":[6.616718,13.884016,12.305372],"rotation":{"angle":-45.0,"axis":"x","origin":[8.0,7.081745,6.9489026]},"faces":{"south":{"uv":[4.25,5.5,4.625,6.25],"rotation":0,"texture":"#0","tintindex":0},"north":{"uv":[4.25,5.5,4.625,6.25],"rotation":0,"texture":"#0","tintindex":0},"down":{"uv":[2.875,10.875,2.5,11.25],"rotation":0,"texture":"#0","tintindex":0},"east":{"uv":[5.125,7.75,5.5,8.5],"rotation":0,"texture":"#0","tintindex":0},"west":{"uv":[5.125,7.75,5.5,8.5],"rotation":0,"texture":"#0","tintindex":0},"up":{"uv":[0.875,11.25,0.5,10.875],"rotation":0,"texture":"#0","tintindex":0}}},{"from":[4.9167175,13.049801,2.058227],"to":[6.059575,17.62123,3.2010846],"rotation":{"angle":22.5,"axis":"x","origin":[8.0,7.081745,6.9489026]},"faces":{"south":{"uv":[1.875,9.375,2.125,8.375],"rotation":0,"texture":"#0","tintindex":0},"north":{"uv":[1.875,9.375,2.125,8.375],"rotation":0,"texture":"#0","tintindex":0},"down":{"uv":[7.25,12.0,7.0,12.25],"rotation":0,"texture":"#0","tintindex":0},"east":{"uv":[2.625,9.625,2.875,8.625],"rotation":0,"texture":"#0","tintindex":0},"west":{"uv":[2.625,9.625,2.875,8.625],"rotation":0,"texture":"#0","tintindex":0},"up":{"uv":[12.25,7.125,12.0,6.875],"rotation":0,"texture":"#0","tintindex":0}}},{"from":[6.740139,11.192655,6.7223616],"to":[9.025853,13.478369,8.436647],"rotation":{"angle":-22.5,"axis":"z","origin":[8.0,7.081745,6.9489026]},"faces":{"south":{"uv":[8.5,8.25,8.0,8.75],"rotation":0,"texture":"#0","tintindex":0},"north":{"uv":[8.5,8.25,8.0,8.75],"rotation":0,"texture":"#0","tintindex":0},"down":{"uv":[9.875,1.25,10.375,1.625],"rotation":0,"texture":"#0","tintindex":0},"east":{"uv":[9.0,9.75,8.625,10.25],"rotation":0,"texture":"#0","tintindex":0},"west":{"uv":[9.0,9.75,8.625,10.25],"rotation":0,"texture":"#0","tintindex":0},"up":{"uv":[9.75,8.75,10.25,8.375],"rotation":0,"texture":"#0","tintindex":0}}},{"from":[9.383282,10.455444,10.591086],"to":[11.097568,13.884016,12.305372],"rotation":{"angle":-45.0,"axis":"x","origin":[8.0,7.081745,6.9489026]},"faces":{"south":{"uv":[4.625,5.5,4.25,6.25],"rotation":0,"texture":"#0","tintindex":0},"north":{"uv":[4.625,5.5,4.25,6.25],"rotation":0,"texture":"#0","tintindex":0},"down":{"uv":[2.5,10.875,2.875,11.25],"rotation":0,"texture":"#0","tintindex":0},"east":{"uv":[5.5,7.75,5.125,8.5],"rotation":0,"texture":"#0","tintindex":0},"west":{"uv":[5.5,7.75,5.125,8.5],"rotation":0,"texture":"#0","tintindex":0},"up":{"uv":[0.5,11.25,0.875,10.875],"rotation":0,"texture":"#0","tintindex":0}}},{"from":[9.940425,13.049801,2.058227],"to":[11.083282,17.62123,3.2010846],"rotation":{"angle":22.5,"axis":"x","origin":[8.0,7.081745,6.9489026]},"faces":{"south":{"uv":[2.125,9.375,1.875,8.375],"rotation":0,"texture":"#0","tintindex":0},"north":{"uv":[2.125,9.375,1.875,8.375],"rotation":0,"texture":"#0","tintindex":0},"down":{"uv":[7.0,12.0,7.25,12.25],"rotation":0,"texture":"#0","tintindex":0},"east":{"uv":[2.875,9.625,2.625,8.625],"rotation":0,"texture":"#0","tintindex":0},"west":{"uv":[2.875,9.625,2.625,8.625],"rotation":0,"texture":"#0","tintindex":0},"up":{"uv":[12.0,7.125,12.25,6.875],"rotation":0,"texture":"#0","tintindex":0}}},{"from":[7.135714,8.946209,4.4366474],"to":[8.864285,10.089066,5.5795045],"rotation":{"angle":0.0,"axis":"y","origin":[8.0,7.081745,6.9489026]},"faces":{"south":{"uv":[11.5,2.125,11.875,2.375],"rotation":0,"texture":"#0","tintindex":0},"north":{"uv":[1.5,11.5,1.875,11.75],"rotation":0,"texture":"#0","tintindex":0},"down":{"uv":[4.875,11.5,4.5,11.75],"rotation":0,"texture":"#0","tintindex":0},"east":{"uv":[9.875,2.375,10.125,2.625],"rotation":0,"texture":"#0","tintindex":0},"west":{"uv":[10.0,7.0,10.25,7.25],"rotation":0,"texture":"#0","tintindex":0},"up":{"uv":[11.875,2.75,11.5,2.5],"rotation":0,"texture":"#0","tintindex":0}}},{"from":[5.4214287,7.803352,7.2937903],"to":[10.578571,10.089066,10.150933],"rotation":{"angle":0.0,"axis":"y","origin":[8.0,7.081745,6.9489026]},"faces":{"south":{"uv":[4.875,0.0,6.0,0.5],"rotation":0,"texture":"#0","tintindex":0},"north":{"uv":[4.75,4.75,5.875,5.25],"rotation":0,"texture":"#0","tintindex":0},"down":{"uv":[4.625,3.625,3.5,4.25],"rotation":0,"texture":"#0","tintindex":0},"east":{"uv":[1.25,7.0,1.875,7.5],"rotation":0,"texture":"#0","tintindex":0},"west":{"uv":[2.0,7.0,2.625,7.5],"rotation":0,"texture":"#0","tintindex":0},"up":{"uv":[4.75,0.625,3.625,0.0],"rotation":0,"texture":"#0","tintindex":0}}},{"from":[5.4214287,7.803352,5.5795045],"to":[10.578571,8.946209,7.2937903],"rotation":{"angle":0.0,"axis":"y","origin":[8.0,7.081745,6.9489026]},"faces":{"south":{"uv":[7.75,1.125,8.875,1.375],"rotation":0,"texture":"#0","tintindex":0},"north":{"uv":[7.75,0.75,8.875,1.0],"rotation":0,"texture":"#0","tintindex":0},"down":{"uv":[7.0,1.125,5.875,1.5],"rotation":0,"texture":"#0","tintindex":0},"east":{"uv":[11.5,0.375,11.875,0.625],"rotation":0,"texture":"#0","tintindex":0},"west":{"uv":[1.0,11.5,1.375,11.75],"rotation":0,"texture":"#0","tintindex":0},"up":{"uv":[6.875,1.0,5.75,0.625],"rotation":0,"texture":"#0","tintindex":0}}}],"display":{"head":{"translation":[0.0,-6.4,0.0],"scale":[4.0,4.0,4.0]}}}