{"textures":{"0":"modelengine:entity/dwarf_knight"},"elements":[{"from":[6.361663,4.4781823,7.428571],"to":[8.075949,7.3353252,8.571428],"rotation":{"angle":-22.5,"axis":"z","origin":[9.737764,5.455763,9.369398]},"faces":{"south":{"uv":[9.75,2.0,9.375,2.625],"rotation":0,"texture":"#0","tintindex":0},"north":{"uv":[9.75,1.25,9.375,1.875],"rotation":0,"texture":"#0","tintindex":0},"down":{"uv":[8.875,11.5,9.25,11.75],"rotation":0,"texture":"#0","tintindex":0},"east":{"uv":[8.0,10.25,7.75,10.875],"rotation":0,"texture":"#0","tintindex":0},"west":{"uv":[9.875,10.125,9.625,10.75],"rotation":0,"texture":"#0","tintindex":0},"up":{"uv":[8.375,11.75,8.75,11.5],"rotation":0,"texture":"#0","tintindex":0}}},{"from":[6.647377,3.9067535,7.428571],"to":[7.790234,4.4781823,8.571428],"rotation":{"angle":-22.5,"axis":"z","origin":[9.737764,5.455763,9.369398]},"faces":{"south":{"uv":[10.25,5.125,10.0,5.25],"rotation":0,"texture":"#0","tintindex":0},"north":{"uv":[9.25,1.25,9.0,1.375],"rotation":0,"texture":"#0","tintindex":0},"down":{"uv":[6.0,12.0,6.25,12.25],"rotation":0,"texture":"#0","tintindex":0},"east":{"uv":[7.5,10.0,7.25,10.125],"rotation":0,"texture":"#0","tintindex":0},"west":{"uv":[9.75,5.375,9.5,5.5],"rotation":0,"texture":"#0","tintindex":0},"up":{"uv":[12.0,3.625,12.25,3.375],"rotation":0,"texture":"#0","tintindex":0}}},{"from":[6.361663,2.1924682,7.428571],"to":[8.075949,3.9067535,8.571428],"rotation":{"angle":-22.5,"axis":"z","origin":[9.737764,5.455763,9.369398]},"faces":{"south":{"uv":[11.25,0.0,10.875,0.375],"rotation":0,"texture":"#0","tintindex":0},"north":{"uv":[0.375,10.875,0.0,11.25],"rotation":0,"texture":"#0","tintindex":0},"down":{"uv":[7.875,11.5,8.25,11.75],"rotation":0,"texture":"#0","tintindex":0},"east":{"uv":[7.75,11.5,7.5,11.875],"rotation":0,"texture":"#0","tintindex":0},"west":{"uv":[1.125,7.75,0.875,8.125],"rotation":0,"texture":"#0","tintindex":0},"up":{"uv":[11.5,7.25,11.875,7.0],"rotation":0,"texture":"#0","tintindex":0}}}],"display":{"head":{"translation":[0.0,-6.4,0.0],"scale":[4.0,4.0,4.0]}}}