{"textures":{"0":"modelengine:entity/dwarf_knight"},"elements":[{"from":[5.8447204,5.830862,6.2628694],"to":[8.130435,8.688005,6.834298],"rotation":{"angle":0.0,"axis":"y","origin":[11.273293,6.823541,6.7751245]},"faces":{"south":{"uv":[7.0,4.625,7.5,5.25],"rotation":0,"texture":"#0","tintindex":0},"north":{"uv":[2.75,7.0,3.25,7.625],"rotation":0,"texture":"#0","tintindex":0},"down":{"uv":[11.625,7.375,11.125,7.625],"rotation":0,"texture":"#0","tintindex":0},"east":{"uv":[3.375,10.375,3.625,11.0],"rotation":0,"texture":"#0","tintindex":0},"west":{"uv":[4.5,10.375,4.75,11.0],"rotation":0,"texture":"#0","tintindex":0},"up":{"uv":[5.0,11.375,4.5,11.125],"rotation":0,"texture":"#0","tintindex":0}}},{"from":[6.416149,8.402291,7.977155],"to":[7.559006,10.116577,7.977155],"rotation":{"angle":0.0,"axis":"y","origin":[11.273293,6.823541,6.7751245]},"faces":{"south":{"uv":[12.0,2.875,11.75,3.25],"rotation":0,"texture":"#0","tintindex":0},"north":{"uv":[11.75,2.875,12.0,3.25],"rotation":0,"texture":"#0","tintindex":0},"down":{"uv":[1.5,5.0,1.25,5.0],"rotation":0,"texture":"#0","tintindex":0},"east":{"uv":[4.625,1.5,4.625,1.875],"rotation":0,"texture":"#0","tintindex":0},"west":{"uv":[4.625,7.125,4.625,7.5],"rotation":0,"texture":"#0","tintindex":0},"up":{"uv":[5.125,0.625,4.875,0.625],"rotation":0,"texture":"#0","tintindex":0}}},{"from":[4.416149,6.688005,7.977155],"to":[6.1304345,7.8308625,7.977155],"rotation":{"angle":0.0,"axis":"y","origin":[11.273293,6.823541,6.7751245]},"faces":{"south":{"uv":[11.875,11.5,11.5,11.75],"rotation":0,"texture":"#0","tintindex":0},"north":{"uv":[11.5,11.5,11.875,11.75],"rotation":0,"texture":"#0","tintindex":0},"down":{"uv":[3.375,4.25,3.0,4.25],"rotation":0,"texture":"#0","tintindex":0},"east":{"uv":[3.375,2.0,3.375,2.25],"rotation":0,"texture":"#0","tintindex":0},"west":{"uv":[2.125,3.625,2.125,3.875],"rotation":0,"texture":"#0","tintindex":0},"up":{"uv":[2.875,4.25,2.5,4.25],"rotation":0,"texture":"#0","tintindex":0}}},{"from":[6.1304345,6.1165767,6.834298],"to":[7.8447204,8.402291,9.120012],"rotation":{"angle":0.0,"axis":"y","origin":[11.273293,6.823541,6.7751245]},"faces":{"south":{"uv":[9.875,8.875,10.25,9.375],"rotation":0,"texture":"#0","tintindex":0},"north":{"uv":[4.0,9.875,4.375,10.375],"rotation":0,"texture":"#0","tintindex":0},"down":{"uv":[11.5,10.625,11.875,11.125],"rotation":0,"texture":"#0","tintindex":0},"east":{"uv":[3.625,11.625,3.125,11.125],"rotation":0,"texture":"#0","tintindex":0},"west":{"uv":[3.125,11.125,3.625,11.625],"rotation":0,"texture":"#0","tintindex":0},"up":{"uv":[11.875,11.125,11.5,10.625],"rotation":0,"texture":"#0","tintindex":0}}},{"from":[5.8447204,5.830862,9.120012],"to":[8.130435,8.688005,9.691441],"rotation":{"angle":0.0,"axis":"y","origin":[11.273293,6.823541,6.7751245]},"faces":{"south":{"uv":[7.0,4.625,7.5,5.25],"rotation":0,"texture":"#0","tintindex":0},"north":{"uv":[2.75,7.0,3.25,7.625],"rotation":0,"texture":"#0","tintindex":0},"down":{"uv":[11.625,7.375,11.125,7.625],"rotation":0,"texture":"#0","tintindex":0},"east":{"uv":[3.375,10.375,3.625,11.0],"rotation":0,"texture":"#0","tintindex":0},"west":{"uv":[4.5,10.375,4.75,11.0],"rotation":0,"texture":"#0","tintindex":0},"up":{"uv":[5.0,11.375,4.5,11.125],"rotation":0,"texture":"#0","tintindex":0}}},{"from":[6.416149,5.2594337,6.834298],"to":[8.701863,8.116577,9.120012],"rotation":{"angle":0.0,"axis":"y","origin":[11.273293,6.823541,6.7751245]},"faces":{"south":{"uv":[6.875,6.375,7.375,7.0],"rotation":0,"texture":"#0","tintindex":0},"north":{"uv":[6.875,1.625,7.375,2.25],"rotation":0,"texture":"#0","tintindex":0},"down":{"uv":[8.625,2.125,8.125,2.625],"rotation":0,"texture":"#0","tintindex":0},"east":{"uv":[6.875,2.375,7.375,3.0],"rotation":0,"texture":"#0","tintindex":0},"west":{"uv":[0.0,7.0,0.5,7.625],"rotation":0,"texture":"#0","tintindex":0},"up":{"uv":[8.625,2.0,8.125,1.5],"rotation":0,"texture":"#0","tintindex":0}}}],"display":{"head":{"translation":[0.0,-6.4,0.0],"scale":[4.0,4.0,4.0]}}}