{"textures":{"0":"modelengine:entity/dwarf_knight"},"elements":[{"from":[6.857143,5.1410713,6.75],"to":[9.142858,7.9982142,9.035714],"rotation":{"angle":0.0,"axis":"y","origin":[9.142858,12.419465,6.6908264]},"faces":{"south":{"uv":[6.75,3.125,7.25,3.75],"rotation":0,"texture":"#0","tintindex":0},"north":{"uv":[3.875,6.375,4.375,7.0],"rotation":0,"texture":"#0","tintindex":0},"down":{"uv":[8.5,6.875,8.0,7.375],"rotation":0,"texture":"#0","tintindex":0},"east":{"uv":[6.25,6.375,6.75,7.0],"rotation":0,"texture":"#0","tintindex":0},"west":{"uv":[6.75,3.875,7.25,4.5],"rotation":0,"texture":"#0","tintindex":0},"up":{"uv":[8.5,4.375,8.0,3.875],"rotation":0,"texture":"#0","tintindex":0}}},{"from":[6.5714283,6.855357,6.464286],"to":[9.428572,8.026786,9.321428],"rotation":{"angle":0.0,"axis":"y","origin":[9.142858,12.419465,6.6908264]},"faces":{"south":{"uv":[10.5,1.375,11.125,1.625],"rotation":0,"texture":"#0","tintindex":0},"north":{"uv":[10.375,1.75,11.0,2.0],"rotation":0,"texture":"#0","tintindex":0},"down":{"uv":[6.75,2.375,6.125,3.0],"rotation":0,"texture":"#0","tintindex":0},"east":{"uv":[10.5,1.0,11.125,1.25],"rotation":0,"texture":"#0","tintindex":0},"west":{"uv":[2.625,10.5,3.25,10.75],"rotation":0,"texture":"#0","tintindex":0},"up":{"uv":[6.75,2.25,6.125,1.625],"rotation":0,"texture":"#0","tintindex":0}}},{"from":[6.5714283,5.7124996,6.464286],"to":[7.142857,6.855357,9.321428],"rotation":{"angle":0.0,"axis":"y","origin":[9.142858,12.419465,6.6908264]},"faces":{"south":{"uv":[6.75,4.625,6.875,4.875],"rotation":0,"texture":"#0","tintindex":0},"north":{"uv":[6.0,5.0,6.125,5.25],"rotation":0,"texture":"#0","tintindex":0},"down":{"uv":[10.125,11.875,10.0,12.5],"rotation":0,"texture":"#0","tintindex":0},"east":{"uv":[3.75,10.5,4.375,10.75],"rotation":0,"texture":"#0","tintindex":0},"west":{"uv":[10.5,4.0,11.125,4.25],"rotation":0,"texture":"#0","tintindex":0},"up":{"uv":[4.625,7.0,4.5,6.375],"rotation":0,"texture":"#0","tintindex":0}}},{"from":[8.857143,5.7124996,6.464286],"to":[9.428572,6.855357,9.321428],"rotation":{"angle":0.0,"axis":"y","origin":[9.142858,12.419465,6.6908264]},"faces":{"south":{"uv":[12.25,2.875,12.125,3.125],"rotation":0,"texture":"#0","tintindex":0},"north":{"uv":[2.125,11.5,2.0,11.75],"rotation":0,"texture":"#0","tintindex":0},"down":{"uv":[12.0,0.0,12.125,0.625],"rotation":0,"texture":"#0","tintindex":0},"east":{"uv":[11.25,10.0,10.625,10.25],"rotation":0,"texture":"#0","tintindex":0},"west":{"uv":[11.25,9.625,10.625,9.875],"rotation":0,"texture":"#0","tintindex":0},"up":{"uv":[11.75,12.5,11.875,11.875],"rotation":0,"texture":"#0","tintindex":0}}}],"display":{"head":{"translation":[0.0,-6.4,0.0],"scale":[4.0,4.0,4.0]}}}