{"textures":{"0":"modelengine:entity/dwarf_knight"},"elements":[{"from":[6.7647057,6.4350324,6.851445],"to":[9.05042,8.149318,9.137159],"rotation":{"angle":0.0,"axis":"y","origin":[11.621849,9.713426,6.7922716]},"faces":{"south":{"uv":[9.625,3.25,10.125,3.625],"rotation":0,"texture":"#0","tintindex":0},"north":{"uv":[1.0,9.625,1.5,10.0],"rotation":0,"texture":"#0","tintindex":0},"down":{"uv":[0.5,8.25,0.0,8.75],"rotation":0,"texture":"#0","tintindex":0},"east":{"uv":[1.625,9.625,2.125,10.0],"rotation":0,"texture":"#0","tintindex":0},"west":{"uv":[9.625,3.75,10.125,4.125],"rotation":0,"texture":"#0","tintindex":0},"up":{"uv":[8.625,6.5,8.125,6.0],"rotation":0,"texture":"#0","tintindex":0}}},{"from":[6.7647057,5.292175,6.851445],"to":[9.05042,6.4350324,9.137159],"rotation":{"angle":0.0,"axis":"y","origin":[11.621849,9.713426,6.7922716]},"faces":{"south":{"uv":[1.625,11.125,2.125,11.375],"rotation":0,"texture":"#0","tintindex":0},"north":{"uv":[5.75,11.0,6.25,11.25],"rotation":0,"texture":"#0","tintindex":0},"down":{"uv":[6.625,8.25,6.125,8.75],"rotation":0,"texture":"#0","tintindex":0},"east":{"uv":[1.0,11.125,1.5,11.375],"rotation":0,"texture":"#0","tintindex":0},"west":{"uv":[11.125,1.75,11.625,2.0],"rotation":0,"texture":"#0","tintindex":0},"up":{"uv":[8.75,5.625,8.25,5.125],"rotation":0,"texture":"#0","tintindex":0}}},{"from":[6.4789915,6.4350324,6.565731],"to":[7.6218486,8.163604,9.422874],"rotation":{"angle":0.0,"axis":"y","origin":[11.621849,9.713426,6.7922716]},"faces":{"south":{"uv":[11.75,1.625,12.0,2.0],"rotation":0,"texture":"#0","tintindex":0},"north":{"uv":[0.0,11.75,0.25,12.125],"rotation":0,"texture":"#0","tintindex":0},"down":{"uv":[8.375,10.375,8.125,11.0],"rotation":0,"texture":"#0","tintindex":0},"east":{"uv":[3.0,9.375,3.625,9.75],"rotation":0,"texture":"#0","tintindex":0},"west":{"uv":[3.75,9.375,4.375,9.75],"rotation":0,"texture":"#0","tintindex":0},"up":{"uv":[10.625,8.375,10.375,7.75],"rotation":0,"texture":"#0","tintindex":0}}},{"from":[7.4789915,5.7207465,2.8514452],"to":[8.621849,6.8636036,13.137159],"rotation":{"angle":0.0,"axis":"y","origin":[11.621849,9.713426,6.7922716]},"faces":{"south":{"uv":[11.125,12.0,11.375,12.25],"rotation":0,"texture":"#0","tintindex":0},"north":{"uv":[12.0,11.0,12.25,11.25],"rotation":0,"texture":"#0","tintindex":0},"down":{"uv":[5.375,5.375,5.125,7.625],"rotation":0,"texture":"#0","tintindex":0},"east":{"uv":[4.625,5.125,2.375,5.375],"rotation":0,"texture":"#0","tintindex":0},"west":{"uv":[2.375,5.125,4.625,5.375],"rotation":0,"texture":"#0","tintindex":0},"up":{"uv":[5.0,7.625,4.75,5.375],"rotation":0,"texture":"#0","tintindex":0}}},{"from":[7.1932774,4.0064607,-0.005698204],"to":[8.907563,7.4350324,2.8514452],"rotation":{"angle":0.0,"axis":"y","origin":[11.621849,9.713426,6.7922716]},"faces":{"south":{"uv":[8.0,3.0,8.375,3.75],"rotation":0,"texture":"#0","tintindex":0},"north":{"uv":[4.0,7.875,4.375,8.625],"rotation":0,"texture":"#0","tintindex":0},"down":{"uv":[10.0,0.5,9.625,1.125],"rotation":0,"texture":"#0","tintindex":0},"east":{"uv":[6.125,5.375,5.5,6.125],"rotation":0,"texture":"#0","tintindex":0},"west":{"uv":[5.5,5.375,6.125,6.125],"rotation":0,"texture":"#0","tintindex":0},"up":{"uv":[8.0,10.125,7.625,9.5],"rotation":0,"texture":"#0","tintindex":0}}},{"from":[7.75042,1.1493177,-1.1485558],"to":[8.35042,4.0064607,3.9943023],"rotation":{"angle":0.0,"axis":"y","origin":[11.621849,9.713426,6.7922716]},"faces":{"south":{"uv":[5.25,12.0,5.375,12.625],"rotation":0,"texture":"#0","tintindex":0},"north":{"uv":[5.0,12.0,5.125,12.625],"rotation":0,"texture":"#0","tintindex":0},"down":{"uv":[4.375,10.875,4.25,12.0],"rotation":0,"texture":"#0","tintindex":0},"east":{"uv":[1.125,4.375,0.0,5.0],"rotation":0,"texture":"#0","tintindex":0},"west":{"uv":[0.0,4.375,1.125,5.0],"rotation":0,"texture":"#0","tintindex":0},"up":{"uv":[3.125,12.0,3.0,10.875],"rotation":0,"texture":"#0","tintindex":0}}},{"from":[8.05042,5.1493177,-2.2914124],"to":[8.05042,7.4350324,-0.005698204],"rotation":{"angle":0.0,"axis":"y","origin":[11.621849,9.713426,6.7922716]},"faces":{"south":{"uv":[0.875,12.0,0.875,12.5],"rotation":0,"texture":"#0","tintindex":0},"north":{"uv":[9.25,11.875,9.25,12.375],"rotation":0,"texture":"#0","tintindex":0},"down":{"uv":[12.0,12.125,12.0,12.625],"rotation":0,"texture":"#0","tintindex":0},"east":{"uv":[9.375,5.0,8.875,5.5],"rotation":0,"texture":"#0","tintindex":0},"west":{"uv":[8.875,5.0,9.375,5.5],"rotation":0,"texture":"#0","tintindex":0},"up":{"uv":[7.75,12.5,7.75,12.0],"rotation":0,"texture":"#0","tintindex":0}}},{"from":[6.907563,5.1493177,13.137159],"to":[9.193277,7.4350324,14.280017],"rotation":{"angle":0.0,"axis":"y","origin":[11.621849,9.713426,6.7922716]},"faces":{"south":{"uv":[6.25,8.875,6.75,9.375],"rotation":0,"texture":"#0","tintindex":0},"north":{"uv":[5.625,8.875,6.125,9.375],"rotation":0,"texture":"#0","tintindex":0},"down":{"uv":[11.875,0.0,11.375,0.25],"rotation":0,"texture":"#0","tintindex":0},"east":{"uv":[10.375,11.25,10.125,11.75],"rotation":0,"texture":"#0","tintindex":0},"west":{"uv":[10.125,11.25,10.375,11.75],"rotation":0,"texture":"#0","tintindex":0},"up":{"uv":[0.5,11.625,0.0,11.375],"rotation":0,"texture":"#0","tintindex":0}}},{"from":[7.4789915,3.5355282,12.313795],"to":[8.621849,5.8212423,14.028082],"rotation":{"angle":-22.5,"axis":"x","origin":[11.621849,9.713426,6.7922716]},"faces":{"south":{"uv":[2.25,11.375,2.5,11.875],"rotation":0,"texture":"#0","tintindex":0},"north":{"uv":[0.625,11.375,0.875,11.875],"rotation":0,"texture":"#0","tintindex":0},"down":{"uv":[12.125,6.375,11.875,6.75],"rotation":0,"texture":"#0","tintindex":0},"east":{"uv":[1.875,10.125,1.5,10.625],"rotation":0,"texture":"#0","tintindex":0},"west":{"uv":[1.5,10.125,1.875,10.625],"rotation":0,"texture":"#0","tintindex":0},"up":{"uv":[12.125,6.25,11.875,5.875],"rotation":0,"texture":"#0","tintindex":0}}},{"from":[7.4789915,7.2349415,14.862982],"to":[8.621849,9.520656,16.577267],"rotation":{"angle":22.5,"axis":"x","origin":[11.621849,9.713426,6.7922716]},"faces":{"south":{"uv":[11.375,2.875,11.625,3.375],"rotation":0,"texture":"#0","tintindex":0},"north":{"uv":[2.625,11.375,2.875,11.875],"rotation":0,"texture":"#0","tintindex":0},"down":{"uv":[8.125,11.875,7.875,12.25],"rotation":0,"texture":"#0","tintindex":0},"east":{"uv":[0.375,10.25,0.0,10.75],"rotation":0,"texture":"#0","tintindex":0},"west":{"uv":[0.0,10.25,0.375,10.75],"rotation":0,"texture":"#0","tintindex":0},"up":{"uv":[6.875,12.25,6.625,11.875],"rotation":0,"texture":"#0","tintindex":0}}},{"from":[6.907563,5.7207465,14.280017],"to":[9.193277,6.8636036,15.994303],"rotation":{"angle":0.0,"axis":"y","origin":[11.621849,9.713426,6.7922716]},"faces":{"south":{"uv":[11.375,8.875,11.875,9.125],"rotation":0,"texture":"#0","tintindex":0},"north":{"uv":[5.5,11.375,6.0,11.625],"rotation":0,"texture":"#0","tintindex":0},"down":{"uv":[10.75,3.5,10.25,3.875],"rotation":0,"texture":"#0","tintindex":0},"east":{"uv":[9.125,11.875,8.75,12.125],"rotation":0,"texture":"#0","tintindex":0},"west":{"uv":[8.75,11.875,9.125,12.125],"rotation":0,"texture":"#0","tintindex":0},"up":{"uv":[10.75,3.375,10.25,3.0],"rotation":0,"texture":"#0","tintindex":0}}},{"from":[7.7647057,-1.9573259,3.8044267],"to":[8.336135,0.3283882,7.232998],"rotation":{"angle":45.0,"axis":"x","origin":[11.621849,9.713426,6.7922716]},"faces":{"south":{"uv":[4.25,8.75,4.375,9.25],"rotation":0,"texture":"#0","tintindex":0},"north":{"uv":[5.875,1.625,6.0,2.125],"rotation":0,"texture":"#0","tintindex":0},"down":{"uv":[0.5,11.75,0.375,12.5],"rotation":0,"texture":"#0","tintindex":0},"east":{"uv":[6.875,0.0,6.125,0.5],"rotation":0,"texture":"#0","tintindex":0},"west":{"uv":[6.125,0.0,6.875,0.5],"rotation":0,"texture":"#0","tintindex":0},"up":{"uv":[9.5,12.25,9.375,11.5],"rotation":0,"texture":"#0","tintindex":0}}},{"from":[7.7647057,5.6361504,-1.241931],"to":[8.336135,7.9218645,2.1866412],"rotation":{"angle":-45.0,"axis":"x","origin":[11.621849,9.713426,6.7922716]},"faces":{"south":{"uv":[3.0,12.125,3.125,12.625],"rotation":0,"texture":"#0","tintindex":0},"north":{"uv":[6.375,12.0,6.5,12.5],"rotation":0,"texture":"#0","tintindex":0},"down":{"uv":[11.0,11.75,10.875,12.5],"rotation":0,"texture":"#0","tintindex":0},"east":{"uv":[3.75,6.375,3.0,6.875],"rotation":0,"texture":"#0","tintindex":0},"west":{"uv":[3.0,6.375,3.75,6.875],"rotation":0,"texture":"#0","tintindex":0},"up":{"uv":[4.125,12.5,4.0,11.75],"rotation":0,"texture":"#0","tintindex":0}}},{"from":[7.7647057,7.4350324,0.5657306],"to":[8.336135,8.577889,2.2800164],"rotation":{"angle":0.0,"axis":"y","origin":[11.621849,9.713426,6.7922716]},"faces":{"south":{"uv":[5.75,12.125,5.875,12.375],"rotation":0,"texture":"#0","tintindex":0},"north":{"uv":[5.5,12.125,5.625,12.375],"rotation":0,"texture":"#0","tintindex":0},"down":{"uv":[10.625,11.25,10.5,11.625],"rotation":0,"texture":"#0","tintindex":0},"east":{"uv":[12.25,5.5,11.875,5.75],"rotation":0,"texture":"#0","tintindex":0},"west":{"uv":[11.875,5.5,12.25,5.75],"rotation":0,"texture":"#0","tintindex":0},"up":{"uv":[5.375,10.75,5.25,10.375],"rotation":0,"texture":"#0","tintindex":0}}},{"from":[7.4789915,8.577889,0.28001642],"to":[8.621849,10.863604,2.5657306],"rotation":{"angle":0.0,"axis":"y","origin":[11.621849,9.713426,6.7922716]},"faces":{"south":{"uv":[11.375,9.25,11.625,9.75],"rotation":0,"texture":"#0","tintindex":0},"north":{"uv":[7.125,11.375,7.375,11.875],"rotation":0,"texture":"#0","tintindex":0},"down":{"uv":[11.375,11.375,11.125,11.875],"rotation":0,"texture":"#0","tintindex":0},"east":{"uv":[9.25,9.125,8.75,9.625],"rotation":0,"texture":"#0","tintindex":0},"west":{"uv":[8.75,9.125,9.25,9.625],"rotation":0,"texture":"#0","tintindex":0},"up":{"uv":[9.875,11.875,9.625,11.375],"rotation":0,"texture":"#0","tintindex":0}}},{"from":[8.05042,8.149843,0.3914404],"to":[8.05042,10.435558,2.1057262],"rotation":{"angle":22.5,"axis":"x","origin":[11.621849,9.713426,6.7922716]},"faces":{"south":{"uv":[0.0,12.25,0.0,12.75],"rotation":0,"texture":"#0","tintindex":0},"north":{"uv":[12.125,12.125,12.125,12.625],"rotation":0,"texture":"#0","tintindex":0},"down":{"uv":[0.125,12.25,0.125,12.625],"rotation":0,"texture":"#0","tintindex":0},"east":{"uv":[7.625,10.25,7.25,10.75],"rotation":0,"texture":"#0","tintindex":0},"west":{"uv":[7.25,10.25,7.625,10.75],"rotation":0,"texture":"#0","tintindex":0},"up":{"uv":[12.25,0.375,12.25,0.0],"rotation":0,"texture":"#0","tintindex":0}}},{"from":[7.6218486,7.0064607,6.565731],"to":[9.336135,7.5778894,9.422874],"rotation":{"angle":0.0,"axis":"y","origin":[11.621849,9.713426,6.7922716]},"faces":{"south":{"uv":[5.625,8.625,6.0,8.75],"rotation":0,"texture":"#0","tintindex":0},"north":{"uv":[8.25,5.75,8.625,5.875],"rotation":0,"texture":"#0","tintindex":0},"down":{"uv":[9.75,8.875,9.375,9.5],"rotation":0,"texture":"#0","tintindex":0},"east":{"uv":[2.5,1.125,3.125,1.25],"rotation":0,"texture":"#0","tintindex":0},"west":{"uv":[11.75,9.625,12.375,9.75],"rotation":0,"texture":"#0","tintindex":0},"up":{"uv":[9.75,6.25,9.375,5.625],"rotation":0,"texture":"#0","tintindex":0}}}],"display":{"head":{"translation":[0.0,-6.4,0.0],"scale":[4.0,4.0,4.0]}}}