{"textures":{"0":"modelengine:entity/dwarf_knight"},"elements":[{"from":[7.869565,5.830862,6.2628694],"to":[10.155279,8.688005,6.834298],"rotation":{"angle":0.0,"axis":"y","origin":[4.726708,6.823541,6.7751245]},"faces":{"south":{"uv":[7.5,4.625,7.0,5.25],"rotation":0,"texture":"#0","tintindex":0},"north":{"uv":[3.25,7.0,2.75,7.625],"rotation":0,"texture":"#0","tintindex":0},"down":{"uv":[11.125,7.375,11.625,7.625],"rotation":0,"texture":"#0","tintindex":0},"east":{"uv":[4.75,10.375,4.5,11.0],"rotation":0,"texture":"#0","tintindex":0},"west":{"uv":[3.625,10.375,3.375,11.0],"rotation":0,"texture":"#0","tintindex":0},"up":{"uv":[4.5,11.375,5.0,11.125],"rotation":0,"texture":"#0","tintindex":0}}},{"from":[8.440994,8.402291,7.977155],"to":[9.583851,10.116577,7.977155],"rotation":{"angle":0.0,"axis":"y","origin":[4.726708,6.823541,6.7751245]},"faces":{"south":{"uv":[11.75,2.875,12.0,3.25],"rotation":0,"texture":"#0","tintindex":0},"north":{"uv":[12.0,2.875,11.75,3.25],"rotation":0,"texture":"#0","tintindex":0},"down":{"uv":[1.25,5.0,1.5,5.0],"rotation":0,"texture":"#0","tintindex":0},"east":{"uv":[4.625,7.125,4.625,7.5],"rotation":0,"texture":"#0","tintindex":0},"west":{"uv":[4.625,1.5,4.625,1.875],"rotation":0,"texture":"#0","tintindex":0},"up":{"uv":[4.875,0.625,5.125,0.625],"rotation":0,"texture":"#0","tintindex":0}}},{"from":[9.869565,6.688005,7.977155],"to":[11.583851,7.8308625,7.977155],"rotation":{"angle":0.0,"axis":"y","origin":[4.726708,6.823541,6.7751245]},"faces":{"south":{"uv":[11.5,11.5,11.875,11.75],"rotation":0,"texture":"#0","tintindex":0},"north":{"uv":[11.875,11.5,11.5,11.75],"rotation":0,"texture":"#0","tintindex":0},"down":{"uv":[3.0,4.25,3.375,4.25],"rotation":0,"texture":"#0","tintindex":0},"east":{"uv":[2.125,3.625,2.125,3.875],"rotation":0,"texture":"#0","tintindex":0},"west":{"uv":[3.375,2.0,3.375,2.25],"rotation":0,"texture":"#0","tintindex":0},"up":{"uv":[2.5,4.25,2.875,4.25],"rotation":0,"texture":"#0","tintindex":0}}},{"from":[8.155279,6.1165767,6.834298],"to":[9.869565,8.402291,9.120012],"rotation":{"angle":0.0,"axis":"y","origin":[4.726708,6.823541,6.7751245]},"faces":{"south":{"uv":[10.25,8.875,9.875,9.375],"rotation":0,"texture":"#0","tintindex":0},"north":{"uv":[4.375,9.875,4.0,10.375],"rotation":0,"texture":"#0","tintindex":0},"down":{"uv":[11.875,10.625,11.5,11.125],"rotation":0,"texture":"#0","tintindex":0},"east":{"uv":[3.625,11.125,3.125,11.625],"rotation":0,"texture":"#0","tintindex":0},"west":{"uv":[3.125,11.625,3.625,11.125],"rotation":0,"texture":"#0","tintindex":0},"up":{"uv":[11.5,11.125,11.875,10.625],"rotation":0,"texture":"#0","tintindex":0}}},{"from":[7.869565,5.830862,9.120012],"to":[10.155279,8.688005,9.691441],"rotation":{"angle":0.0,"axis":"y","origin":[4.726708,6.823541,6.7751245]},"faces":{"south":{"uv":[7.5,4.625,7.0,5.25],"rotation":0,"texture":"#0","tintindex":0},"north":{"uv":[3.25,7.0,2.75,7.625],"rotation":0,"texture":"#0","tintindex":0},"down":{"uv":[11.125,7.375,11.625,7.625],"rotation":0,"texture":"#0","tintindex":0},"east":{"uv":[4.75,10.375,4.5,11.0],"rotation":0,"texture":"#0","tintindex":0},"west":{"uv":[3.625,10.375,3.375,11.0],"rotation":0,"texture":"#0","tintindex":0},"up":{"uv":[4.5,11.375,5.0,11.125],"rotation":0,"texture":"#0","tintindex":0}}},{"from":[7.2981367,5.2594337,6.834298],"to":[9.583851,8.116577,9.120012],"rotation":{"angle":0.0,"axis":"y","origin":[4.726708,6.823541,6.7751245]},"faces":{"south":{"uv":[7.375,6.375,6.875,7.0],"rotation":0,"texture":"#0","tintindex":0},"north":{"uv":[7.375,1.625,6.875,2.25],"rotation":0,"texture":"#0","tintindex":0},"down":{"uv":[8.125,2.125,8.625,2.625],"rotation":0,"texture":"#0","tintindex":0},"east":{"uv":[0.5,7.0,0.0,7.625],"rotation":0,"texture":"#0","tintindex":0},"west":{"uv":[7.375,2.375,6.875,3.0],"rotation":0,"texture":"#0","tintindex":0},"up":{"uv":[8.125,2.0,8.625,1.5],"rotation":0,"texture":"#0","tintindex":0}}}],"display":{"head":{"translation":[0.0,-6.4,0.0],"scale":[4.0,4.0,4.0]}}}