{"textures":{"0":"modelengine:entity/dwarf_knight"},"elements":[{"from":[6.857143,6.928571,6.928571],"to":[9.142858,8.071428,9.214286],"rotation":{"angle":0.0,"axis":"y","origin":[6.857143,15.349822,6.869398]},"faces":{"south":{"uv":[11.25,8.875,10.75,9.125],"rotation":0,"texture":"#0","tintindex":0},"north":{"uv":[6.625,3.125,6.125,3.375],"rotation":0,"texture":"#0","tintindex":0},"down":{"uv":[0.625,8.25,1.125,8.75],"rotation":0,"texture":"#0","tintindex":0},"east":{"uv":[10.625,10.875,10.125,11.125],"rotation":0,"texture":"#0","tintindex":0},"west":{"uv":[8.5,7.5,8.0,7.75],"rotation":0,"texture":"#0","tintindex":0},"up":{"uv":[8.25,0.5,8.75,0.0],"rotation":0,"texture":"#0","tintindex":0}}},{"from":[6.857143,5.214286,6.357143],"to":[9.142858,6.928571,9.214286],"rotation":{"angle":0.0,"axis":"y","origin":[6.857143,15.349822,6.869398]},"faces":{"south":{"uv":[2.75,9.75,2.25,10.125],"rotation":0,"texture":"#0","tintindex":0},"north":{"uv":[9.875,9.625,9.375,10.0],"rotation":0,"texture":"#0","tintindex":0},"down":{"uv":[0.625,7.0,1.125,7.625],"rotation":0,"texture":"#0","tintindex":0},"east":{"uv":[9.875,6.875,9.25,7.25],"rotation":0,"texture":"#0","tintindex":0},"west":{"uv":[9.875,6.375,9.25,6.75],"rotation":0,"texture":"#0","tintindex":0},"up":{"uv":[7.0,0.625,7.5,0.0],"rotation":0,"texture":"#0","tintindex":0}}},{"from":[6.5714283,6.928571,6.642857],"to":[9.428572,8.085714,9.5],"rotation":{"angle":0.0,"axis":"y","origin":[6.857143,15.349822,6.869398]},"faces":{"south":{"uv":[11.125,6.625,10.5,6.875],"rotation":0,"texture":"#0","tintindex":0},"north":{"uv":[11.125,5.875,10.5,6.125],"rotation":0,"texture":"#0","tintindex":0},"down":{"uv":[0.75,6.25,1.375,6.875],"rotation":0,"texture":"#0","tintindex":0},"east":{"uv":[10.625,10.5,10.0,10.75],"rotation":0,"texture":"#0","tintindex":0},"west":{"uv":[11.125,6.25,10.5,6.5],"rotation":0,"texture":"#0","tintindex":0},"up":{"uv":[0.0,6.875,0.625,6.25],"rotation":0,"texture":"#0","tintindex":0}}},{"from":[8.0,6.928571,4.928571],"to":[8.0,8.071428,6.642857],"rotation":{"angle":0.0,"axis":"y","origin":[6.857143,15.349822,6.869398]},"faces":{"south":{"uv":[5.75,1.125,5.75,1.375],"rotation":0,"texture":"#0","tintindex":0},"north":{"uv":[4.5,0.75,4.5,1.0],"rotation":0,"texture":"#0","tintindex":0},"down":{"uv":[8.5,4.5,8.5,4.875],"rotation":0,"texture":"#0","tintindex":0},"east":{"uv":[11.75,8.125,12.125,8.375],"rotation":0,"texture":"#0","tintindex":0},"west":{"uv":[12.125,8.125,11.75,8.375],"rotation":0,"texture":"#0","tintindex":0},"up":{"uv":[4.5,8.25,4.5,7.875],"rotation":0,"texture":"#0","tintindex":0}}}],"display":{"head":{"translation":[0.0,-6.4,0.0],"scale":[4.0,4.0,4.0]}}}