{"textures":{"0":"modelengine:entity/dwarf_knight"},"elements":[{"from":[6.857143,5.1410713,6.75],"to":[9.142858,7.9982142,9.035714],"rotation":{"angle":0.0,"axis":"y","origin":[6.857143,12.419465,6.6908264]},"faces":{"south":{"uv":[7.25,3.125,6.75,3.75],"rotation":0,"texture":"#0","tintindex":0},"north":{"uv":[4.375,6.375,3.875,7.0],"rotation":0,"texture":"#0","tintindex":0},"down":{"uv":[8.0,6.875,8.5,7.375],"rotation":0,"texture":"#0","tintindex":0},"east":{"uv":[7.25,3.875,6.75,4.5],"rotation":0,"texture":"#0","tintindex":0},"west":{"uv":[6.75,6.375,6.25,7.0],"rotation":0,"texture":"#0","tintindex":0},"up":{"uv":[8.0,4.375,8.5,3.875],"rotation":0,"texture":"#0","tintindex":0}}},{"from":[6.5714283,6.855357,6.464286],"to":[9.428572,8.026786,9.321428],"rotation":{"angle":0.0,"axis":"y","origin":[6.857143,12.419465,6.6908264]},"faces":{"south":{"uv":[11.125,1.375,10.5,1.625],"rotation":0,"texture":"#0","tintindex":0},"north":{"uv":[11.0,1.75,10.375,2.0],"rotation":0,"texture":"#0","tintindex":0},"down":{"uv":[6.125,2.375,6.75,3.0],"rotation":0,"texture":"#0","tintindex":0},"east":{"uv":[3.25,10.5,2.625,10.75],"rotation":0,"texture":"#0","tintindex":0},"west":{"uv":[11.125,1.0,10.5,1.25],"rotation":0,"texture":"#0","tintindex":0},"up":{"uv":[6.125,2.25,6.75,1.625],"rotation":0,"texture":"#0","tintindex":0}}},{"from":[8.857143,5.7124996,6.464286],"to":[9.428572,6.855357,9.321428],"rotation":{"angle":0.0,"axis":"y","origin":[6.857143,12.419465,6.6908264]},"faces":{"south":{"uv":[6.875,4.625,6.75,4.875],"rotation":0,"texture":"#0","tintindex":0},"north":{"uv":[6.125,5.0,6.0,5.25],"rotation":0,"texture":"#0","tintindex":0},"down":{"uv":[10.0,11.875,10.125,12.5],"rotation":0,"texture":"#0","tintindex":0},"east":{"uv":[11.125,4.0,10.5,4.25],"rotation":0,"texture":"#0","tintindex":0},"west":{"uv":[4.375,10.5,3.75,10.75],"rotation":0,"texture":"#0","tintindex":0},"up":{"uv":[4.5,7.0,4.625,6.375],"rotation":0,"texture":"#0","tintindex":0}}},{"from":[6.5714283,5.7124996,6.464286],"to":[7.142857,6.855357,9.321428],"rotation":{"angle":0.0,"axis":"y","origin":[6.857143,12.419465,6.6908264]},"faces":{"south":{"uv":[12.125,2.875,12.25,3.125],"rotation":0,"texture":"#0","tintindex":0},"north":{"uv":[2.0,11.5,2.125,11.75],"rotation":0,"texture":"#0","tintindex":0},"down":{"uv":[12.125,0.0,12.0,0.625],"rotation":0,"texture":"#0","tintindex":0},"east":{"uv":[10.625,9.625,11.25,9.875],"rotation":0,"texture":"#0","tintindex":0},"west":{"uv":[10.625,10.0,11.25,10.25],"rotation":0,"texture":"#0","tintindex":0},"up":{"uv":[11.875,12.5,11.75,11.875],"rotation":0,"texture":"#0","tintindex":0}}}],"display":{"head":{"translation":[0.0,-6.4,0.0],"scale":[4.0,4.0,4.0]}}}