{"textures":{"0":"modelengine:entity/dwarf_knight"},"elements":[{"from":[6.9495797,6.4350324,6.851445],"to":[9.235294,8.149318,9.137159],"rotation":{"angle":0.0,"axis":"y","origin":[4.378151,9.713426,6.7922716]},"faces":{"south":{"uv":[10.125,3.25,9.625,3.625],"rotation":0,"texture":"#0","tintindex":0},"north":{"uv":[1.5,9.625,1.0,10.0],"rotation":0,"texture":"#0","tintindex":0},"down":{"uv":[0.0,8.25,0.5,8.75],"rotation":0,"texture":"#0","tintindex":0},"east":{"uv":[10.125,3.75,9.625,4.125],"rotation":0,"texture":"#0","tintindex":0},"west":{"uv":[2.125,9.625,1.625,10.0],"rotation":0,"texture":"#0","tintindex":0},"up":{"uv":[8.125,6.5,8.625,6.0],"rotation":0,"texture":"#0","tintindex":0}}},{"from":[6.9495797,5.292175,6.851445],"to":[9.235294,6.4350324,9.137159],"rotation":{"angle":0.0,"axis":"y","origin":[4.378151,9.713426,6.7922716]},"faces":{"south":{"uv":[2.125,11.125,1.625,11.375],"rotation":0,"texture":"#0","tintindex":0},"north":{"uv":[6.25,11.0,5.75,11.25],"rotation":0,"texture":"#0","tintindex":0},"down":{"uv":[6.125,8.25,6.625,8.75],"rotation":0,"texture":"#0","tintindex":0},"east":{"uv":[11.625,1.75,11.125,2.0],"rotation":0,"texture":"#0","tintindex":0},"west":{"uv":[1.5,11.125,1.0,11.375],"rotation":0,"texture":"#0","tintindex":0},"up":{"uv":[8.25,5.625,8.75,5.125],"rotation":0,"texture":"#0","tintindex":0}}},{"from":[8.378151,6.4350324,6.565731],"to":[9.5210085,8.163604,9.422874],"rotation":{"angle":0.0,"axis":"y","origin":[4.378151,9.713426,6.7922716]},"faces":{"south":{"uv":[12.0,1.625,11.75,2.0],"rotation":0,"texture":"#0","tintindex":0},"north":{"uv":[0.25,11.75,0.0,12.125],"rotation":0,"texture":"#0","tintindex":0},"down":{"uv":[8.125,10.375,8.375,11.0],"rotation":0,"texture":"#0","tintindex":0},"east":{"uv":[4.375,9.375,3.75,9.75],"rotation":0,"texture":"#0","tintindex":0},"west":{"uv":[3.625,9.375,3.0,9.75],"rotation":0,"texture":"#0","tintindex":0},"up":{"uv":[10.375,8.375,10.625,7.75],"rotation":0,"texture":"#0","tintindex":0}}},{"from":[6.6638656,7.0064607,6.565731],"to":[8.378151,7.5778894,9.422874],"rotation":{"angle":0.0,"axis":"y","origin":[4.378151,9.713426,6.7922716]},"faces":{"south":{"uv":[6.0,8.625,5.625,8.75],"rotation":0,"texture":"#0","tintindex":0},"north":{"uv":[8.625,5.75,8.25,5.875],"rotation":0,"texture":"#0","tintindex":0},"down":{"uv":[9.375,8.875,9.75,9.5],"rotation":0,"texture":"#0","tintindex":0},"east":{"uv":[12.375,9.625,11.75,9.75],"rotation":0,"texture":"#0","tintindex":0},"west":{"uv":[3.125,1.125,2.5,1.25],"rotation":0,"texture":"#0","tintindex":0},"up":{"uv":[9.375,6.25,9.75,5.625],"rotation":0,"texture":"#0","tintindex":0}}},{"from":[6.9495797,6.765439,11.777159],"to":[9.235294,9.051153,14.062873],"rotation":{"angle":45.0,"axis":"x","origin":[4.378151,9.713426,6.7922716]},"faces":{"south":{"uv":[9.0,0.625,9.5,1.125],"rotation":0,"texture":"#0","tintindex":0},"north":{"uv":[6.875,8.875,7.375,9.375],"rotation":0,"texture":"#0","tintindex":0},"down":{"uv":[9.5,4.0,9.0,4.5],"rotation":0,"texture":"#0","tintindex":0},"east":{"uv":[7.5,8.875,8.0,9.375],"rotation":0,"texture":"#0","tintindex":0},"west":{"uv":[8.0,8.875,7.5,9.375],"rotation":0,"texture":"#0","tintindex":0},"up":{"uv":[9.5,3.875,9.0,3.375],"rotation":0,"texture":"#0","tintindex":0}}},{"from":[7.2352943,5.34408,8.806277],"to":[8.94958,7.058366,11.091991],"rotation":{"angle":22.5,"axis":"x","origin":[4.378151,9.713426,6.7922716]},"faces":{"south":{"uv":[9.625,10.875,10.0,11.25],"rotation":0,"texture":"#0","tintindex":0},"north":{"uv":[7.125,10.875,7.5,11.25],"rotation":0,"texture":"#0","tintindex":0},"down":{"uv":[10.625,2.375,10.25,2.875],"rotation":0,"texture":"#0","tintindex":0},"east":{"uv":[10.25,0.0,10.75,0.375],"rotation":0,"texture":"#0","tintindex":0},"west":{"uv":[10.75,0.0,10.25,0.375],"rotation":0,"texture":"#0","tintindex":0},"up":{"uv":[0.875,10.75,0.5,10.25],"rotation":0,"texture":"#0","tintindex":0}}},{"from":[7.5210085,5.1009192,5.441787],"to":[8.663866,6.2437763,7.7275014],"rotation":{"angle":0.0,"axis":"y","origin":[4.378151,9.713426,6.7922716]},"faces":{"south":{"uv":[12.0,11.75,12.25,12.0],"rotation":0,"texture":"#0","tintindex":0},"north":{"uv":[12.0,11.375,12.25,11.625],"rotation":0,"texture":"#0","tintindex":0},"down":{"uv":[5.375,11.375,5.125,11.875],"rotation":0,"texture":"#0","tintindex":0},"east":{"uv":[11.375,3.5,11.875,3.75],"rotation":0,"texture":"#0","tintindex":0},"west":{"uv":[11.875,3.5,11.375,3.75],"rotation":0,"texture":"#0","tintindex":0},"up":{"uv":[11.625,4.75,11.375,4.25],"rotation":0,"texture":"#0","tintindex":0}}}],"display":{"head":{"translation":[0.0,-6.4,0.0],"scale":[4.0,4.0,4.0]}}}