{"textures":{"0":"modelengine:entity/dwarf_knight"},"elements":[{"from":[7.9240513,4.4781823,7.428571],"to":[9.638337,7.3353252,8.571428],"rotation":{"angle":22.5,"axis":"z","origin":[6.2622356,5.455763,9.369398]},"faces":{"south":{"uv":[9.375,2.0,9.75,2.625],"rotation":0,"texture":"#0","tintindex":0},"north":{"uv":[9.375,1.25,9.75,1.875],"rotation":0,"texture":"#0","tintindex":0},"down":{"uv":[9.25,11.5,8.875,11.75],"rotation":0,"texture":"#0","tintindex":0},"east":{"uv":[9.625,10.125,9.875,10.75],"rotation":0,"texture":"#0","tintindex":0},"west":{"uv":[7.75,10.25,8.0,10.875],"rotation":0,"texture":"#0","tintindex":0},"up":{"uv":[8.75,11.75,8.375,11.5],"rotation":0,"texture":"#0","tintindex":0}}},{"from":[8.209765,3.9067535,7.428571],"to":[9.352623,4.4781823,8.571428],"rotation":{"angle":22.5,"axis":"z","origin":[6.2622356,5.455763,9.369398]},"faces":{"south":{"uv":[10.0,5.125,10.25,5.25],"rotation":0,"texture":"#0","tintindex":0},"north":{"uv":[9.0,1.25,9.25,1.375],"rotation":0,"texture":"#0","tintindex":0},"down":{"uv":[6.25,12.0,6.0,12.25],"rotation":0,"texture":"#0","tintindex":0},"east":{"uv":[9.5,5.375,9.75,5.5],"rotation":0,"texture":"#0","tintindex":0},"west":{"uv":[7.25,10.0,7.5,10.125],"rotation":0,"texture":"#0","tintindex":0},"up":{"uv":[12.25,3.625,12.0,3.375],"rotation":0,"texture":"#0","tintindex":0}}},{"from":[7.9240513,2.1924682,7.428571],"to":[9.638337,3.9067535,8.571428],"rotation":{"angle":22.5,"axis":"z","origin":[6.2622356,5.455763,9.369398]},"faces":{"south":{"uv":[10.875,0.0,11.25,0.375],"rotation":0,"texture":"#0","tintindex":0},"north":{"uv":[0.0,10.875,0.375,11.25],"rotation":0,"texture":"#0","tintindex":0},"down":{"uv":[8.25,11.5,7.875,11.75],"rotation":0,"texture":"#0","tintindex":0},"east":{"uv":[0.875,7.75,1.125,8.125],"rotation":0,"texture":"#0","tintindex":0},"west":{"uv":[7.5,11.5,7.75,11.875],"rotation":0,"texture":"#0","tintindex":0},"up":{"uv":[11.875,7.25,11.5,7.0],"rotation":0,"texture":"#0","tintindex":0}}}],"display":{"head":{"translation":[0.0,-6.4,0.0],"scale":[4.0,4.0,4.0]}}}