{"textures":{"0":"modelengine:entity/dwarf_knight"},"elements":[{"from":[5.714286,7.87807,6.4921155],"to":[10.285714,10.735212,9.349258],"rotation":{"angle":0.0,"axis":"y","origin":[8.0,12.29932,6.704371]},"faces":{"south":{"uv":[3.625,4.375,4.625,5.0],"rotation":0,"texture":"#0","tintindex":0},"north":{"uv":[2.5,4.375,3.5,5.0],"rotation":0,"texture":"#0","tintindex":0},"down":{"uv":[5.75,1.5,4.75,2.125],"rotation":0,"texture":"#0","tintindex":0},"east":{"uv":[6.0,3.5,6.625,4.125],"rotation":0,"texture":"#0","tintindex":0},"west":{"uv":[6.0,4.25,6.625,4.875],"rotation":0,"texture":"#0","tintindex":0},"up":{"uv":[5.625,1.375,4.625,0.75],"rotation":0,"texture":"#0","tintindex":0}}},{"from":[5.428571,7.8923554,6.192116],"to":[10.571428,9.0352125,9.6206875],"rotation":{"angle":0.0,"axis":"y","origin":[8.0,12.29932,6.704371]},"faces":{"south":{"uv":[7.375,7.875,8.5,8.125],"rotation":0,"texture":"#0","tintindex":0},"north":{"uv":[6.125,7.875,7.25,8.125],"rotation":0,"texture":"#0","tintindex":0},"down":{"uv":[4.625,2.0,3.5,2.75],"rotation":0,"texture":"#0","tintindex":0},"east":{"uv":[3.625,0.75,4.375,1.0],"rotation":0,"texture":"#0","tintindex":0},"west":{"uv":[9.625,4.25,10.375,4.5],"rotation":0,"texture":"#0","tintindex":0},"up":{"uv":[3.375,4.125,2.25,3.375],"rotation":0,"texture":"#0","tintindex":0}}}],"display":{"head":{"translation":[0.0,-6.4,0.0],"scale":[4.0,4.0,4.0]}}}