{"format_version":"1.21.6","display":{"thirdperson_righthand":{"rotation":[24.25,-90,0],"translation":[0,-1.5,3.5],"scale":[0.87,0.87,0.87]},"thirdperson_lefthand":{"rotation":[24.25,90,0],"translation":[0,-1.5,3.5],"scale":[0.87,0.87,0.87]},"firstperson_righthand":{"rotation":[-179.37,-80.03,177.63],"translation":[1.5,-1.25,-1.5],"scale":[1.23,1.23,1.23]},"firstperson_lefthand":{"rotation":[14,96,-10],"translation":[8,-2.5,-0.25],"scale":[1.23,1.23,1.23]},"ground":{"translation":[5.5,-0.75,0],"scale":[0.65,0.65,0.65]},"gui":{"rotation":[45,-38,-24],"translation":[3.5,-2.75,0],"scale":[0.5,0.5,0.5]},"fixed":{"rotation":[-86.5,90,0],"translation":[0,-8.25,-2.5]},"on_shelf":{"rotation":[0,-90,-102],"translation":[0,0,0.25]}},"texture_size":[64,64],"textures":{"0":"reallyworld_halloween_event:item/weapons/reallyworld_halloween_event_crossbow_firework_texture","particle":"reallyworld_halloween_event:item/weapons/reallyworld_halloween_event_crossbow_firework_texture"},"elements":[{"from":[-3.15,9.1,19.15],"to":[-2.15,10.1,20.15],"rotation":{"angle":0,"axis":"y","origin":[-2.65,9.6,19.65]},"faces":{"north":{"uv":[13.75,2,14,2.25],"rotation":270,"texture":"#0"},"east":{"uv":[14,2,14.25,2.25],"rotation":270,"texture":"#0"},"south":{"uv":[13.75,2.25,14,2.5],"rotation":270,"texture":"#0"},"west":{"uv":[14,2.25,14.25,2.5],"rotation":270,"texture":"#0"},"up":{"uv":[14,2,13.75,1.75],"rotation":180,"texture":"#0"},"down":{"uv":[14.25,1.75,14,2],"rotation":180,"texture":"#0"}}},{"from":[-3.25,9.1,-4.1],"to":[-2.25,10.1,-3.1],"rotation":{"angle":0,"axis":"y","origin":[-2.75,9.6,-3.6]},"faces":{"north":{"uv":[14,2,14.25,2.25],"texture":"#0"},"east":{"uv":[13.75,2,14,2.25],"texture":"#0"},"south":{"uv":[14,2.25,14.25,2.5],"texture":"#0"},"west":{"uv":[13.75,2.25,14,2.5],"texture":"#0"},"up":{"uv":[14,2,13.75,1.75],"texture":"#0"},"down":{"uv":[14.25,1.75,14,2],"texture":"#0"}}},{"from":[-11.75,8.6,10.5],"to":[-11.75,10.6,23.5],"rotation":{"angle":45,"axis":"y","origin":[-11.75,9.6,10.5]},"faces":{"east":{"uv":[12.25,1.25,15.5,1.75],"texture":"#0"},"west":{"uv":[15.5,1.25,12.25,1.75],"texture":"#0"}}},{"from":[-11.75,8.6,-7.5],"to":[-11.75,10.6,5.5],"rotation":{"angle":-45,"axis":"y","origin":[-11.75,9.6,5.5]},"faces":{"east":{"uv":[15.5,1.25,12.25,1.75],"texture":"#0"},"west":{"uv":[12.25,1.25,15.5,1.75],"texture":"#0"}}},{"from":[-12.25,9.1,10.5],"to":[-11.25,10.1,15.5],"rotation":{"angle":45,"axis":"y","origin":[-11.75,9.6,10.5]},"faces":{"north":{"uv":[13.5,2,13.75,2.25],"texture":"#0"},"east":{"uv":[13.5,1.75,12.25,2],"texture":"#0"},"south":{"uv":[13.5,1.75,13.75,2],"texture":"#0"},"west":{"uv":[13.5,2,12.25,2.25],"texture":"#0"},"up":{"uv":[12,1,11.75,2.25],"texture":"#0"},"down":{"uv":[12,2.25,12.25,1],"texture":"#0"}}},{"from":[-12.25,9.1,0.5],"to":[-11.25,10.1,5.5],"rotation":{"angle":-45,"axis":"y","origin":[-11.75,9.6,5.5]},"faces":{"north":{"uv":[13.5,1.75,13.75,2],"texture":"#0"},"east":{"uv":[12.25,1.75,13.5,2],"texture":"#0"},"south":{"uv":[13.5,2,13.75,2.25],"texture":"#0"},"west":{"uv":[12.25,2,13.5,2.25],"texture":"#0"},"up":{"uv":[12,2.25,11.75,1],"texture":"#0"},"down":{"uv":[12.25,1,12,2.25],"texture":"#0"}}},{"from":[-12,9.5,-7.5],"to":[7,9.5,23.5],"rotation":{"angle":0,"axis":"y","origin":[2,7.65,8]},"faces":{"up":{"uv":[16,13.25,11.25,5.5],"texture":"#0"},"down":{"uv":[16,5.5,11.25,13.25],"texture":"#0"}}},{"from":[8.5,7.6,7],"to":[13.5,7.6,9],"rotation":{"angle":0,"axis":"y","origin":[11,6.1,8]},"faces":{"up":{"uv":[3,3.5,1.75,3],"texture":"#0"},"down":{"uv":[3,3,1.75,3.5],"texture":"#0"}}},{"from":[13.5,3.6,7],"to":[13.5,7.6,9],"rotation":{"angle":0,"axis":"y","origin":[11,6.1,8]},"faces":{"east":{"uv":[2.25,3.5,1.75,4.5],"texture":"#0"},"west":{"uv":[1.75,3.5,2.25,4.5],"texture":"#0"}}},{"from":[8.5,6.95,7],"to":[8.5,7.6,9],"rotation":{"angle":0,"axis":"y","origin":[6,6.1,8]},"faces":{"east":{"uv":[3,3,3.5,3.25],"texture":"#0"},"west":{"uv":[3.5,3,3,3.25],"texture":"#0"}}},{"from":[6.5,6.95,7],"to":[8.5,6.95,9],"rotation":{"angle":0,"axis":"y","origin":[7.5,5.95,8]},"faces":{"up":{"uv":[4,3.5,3.5,3],"texture":"#0"},"down":{"uv":[4,3,3.5,3.5],"texture":"#0"}}},{"from":[6.5,4.95,7],"to":[8.5,4.95,9],"rotation":{"angle":0,"axis":"y","origin":[7.5,3.95,8]},"faces":{"up":{"uv":[4,4.5,3.5,4],"texture":"#0"},"down":{"uv":[4,4,3.5,4.5],"texture":"#0"}}},{"from":[1,7.6,7],"to":[2,8.6,9],"rotation":{"angle":45,"axis":"z","origin":[1.5,8.1,8]},"faces":{"north":{"uv":[7,4.5,7.25,4.75],"texture":"#0"},"east":{"uv":[6.5,4.5,7,4.75],"texture":"#0"},"south":{"uv":[7,4.75,7.25,5],"texture":"#0"},"west":{"uv":[6.5,4.75,7,5],"texture":"#0"},"up":{"uv":[6.25,5,6,4.5],"texture":"#0"},"down":{"uv":[6.5,4.5,6.25,5],"texture":"#0"}}},{"from":[0.5,6.1,7.5],"to":[4.5,9.1,8.5],"rotation":{"angle":0,"axis":"y","origin":[1.5,8.1,8]},"faces":{"north":{"uv":[5,2.25,6,3],"texture":"#0"},"east":{"uv":[4.75,2.25,5,3],"texture":"#0"},"south":{"uv":[6.25,2.25,7.25,3],"texture":"#0"},"west":{"uv":[6,2.25,6.25,3],"texture":"#0"},"up":{"uv":[6,2.25,5,2],"texture":"#0"},"down":{"uv":[7,2,6,2.25],"texture":"#0"}}},{"from":[-9.65,6.15,7.5],"to":[-4.65,10.15,8.5],"rotation":{"angle":-22.5,"axis":"z","origin":[-7.15,7.65,8]},"faces":{"north":{"uv":[9.5,4.5,10.75,5.5],"texture":"#0"},"east":{"uv":[9.25,4.5,9.5,5.5],"texture":"#0"},"south":{"uv":[11,4.5,12.25,5.5],"texture":"#0"},"west":{"uv":[10.75,4.5,11,5.5],"texture":"#0"},"up":{"uv":[10.75,4.5,9.5,4.25],"texture":"#0"},"down":{"uv":[12,4.25,10.75,4.5],"texture":"#0"}}},{"from":[-12.75,7.9,7],"to":[-5.75,9.9,9],"rotation":{"angle":22.5,"axis":"z","origin":[-7.25,8.9,8]},"faces":{"north":{"uv":[10.75,3.75,12.5,4.25],"texture":"#0"},"east":{"uv":[10.25,3.75,10.75,4.25],"texture":"#0"},"south":{"uv":[13,3.75,14.75,4.25],"texture":"#0"},"west":{"uv":[12.5,3.75,13,4.25],"texture":"#0"},"up":{"uv":[12.5,3.75,10.75,3.25],"texture":"#0"},"down":{"uv":[14.25,3.25,12.5,3.75],"texture":"#0"}}},{"from":[-14.25,6.35,7],"to":[-12.25,8.35,9],"rotation":{"angle":-45,"axis":"x","origin":[-13.25,7.35,8]},"faces":{"north":{"uv":[15.25,3.25,15.75,3.75],"texture":"#0"},"east":{"uv":[14.75,3.25,15.25,3.75],"texture":"#0"},"south":{"uv":[15.25,3.75,15.75,4.25],"texture":"#0"},"west":{"uv":[14.75,3.75,15.25,4.25],"texture":"#0"},"up":{"uv":[15.25,3.25,14.75,2.75],"texture":"#0"},"down":{"uv":[15.75,2.75,15.25,3.25],"texture":"#0"}}},{"from":[-13.25,5.35,4],"to":[-13.25,10.35,12],"rotation":{"angle":-22.5,"axis":"z","origin":[-13.25,7.85,8]},"faces":{"east":{"uv":[13.75,4.25,15.75,5.5],"texture":"#0"},"west":{"uv":[15.75,4.25,13.75,5.5],"texture":"#0"}}},{"from":[0.5,6.35,7.5],"to":[2.5,6.35,8.5],"rotation":{"angle":-22.5,"axis":"z","origin":[0,6.35,8]},"faces":{"up":{"uv":[6,4.75,5.5,4.5],"texture":"#0"},"down":{"uv":[6,4.5,5.5,4.75],"texture":"#0"}}},{"from":[-5.5,5.6,6.5],"to":[-3.5,8.6,9.5],"rotation":{"angle":45,"axis":"x","origin":[-4.5,7.1,8]},"faces":{"north":{"uv":[8,5.25,8.5,6],"texture":"#0"},"east":{"uv":[9,6,9.75,6.75],"texture":"#0"},"south":{"uv":[9,6,8.5,5.25],"texture":"#0"},"west":{"uv":[9.75,6,10.5,6.75],"texture":"#0"},"up":{"uv":[9,6.75,8.5,6],"texture":"#0"},"down":{"uv":[8.5,6.75,8,6],"texture":"#0"}}},{"from":[-3.5,5.1,6],"to":[0.5,9.1,10],"rotation":{"angle":45,"axis":"x","origin":[-1.5,7.1,8]},"faces":{"north":{"uv":[4,4.75,5,5.75],"texture":"#0"},"east":{"uv":[6,5.75,7,6.75],"texture":"#0"},"south":{"uv":[6,5.75,5,4.75],"texture":"#0"},"west":{"uv":[7,5.75,8,6.75],"texture":"#0"},"up":{"uv":[6,6.75,5,5.75],"texture":"#0"},"down":{"uv":[5,6.75,4,5.75],"texture":"#0"}}},{"from":[4.5,8.6,7.5],"to":[7.5,9.6,8.5],"rotation":{"angle":-45,"axis":"x","origin":[6,9.1,8]},"faces":{"north":{"uv":[3.25,2,4,2.25],"texture":"#0"},"east":{"uv":[3,2,3.25,2.25],"texture":"#0"},"south":{"uv":[4.25,2,5,2.25],"texture":"#0"},"west":{"uv":[4,2,4.25,2.25],"texture":"#0"},"up":{"uv":[4,2.5,3.25,2.25],"texture":"#0"},"down":{"uv":[4.75,2.25,4,2.5],"texture":"#0"}}},{"from":[6.5,5.45,7.5],"to":[8.5,6.45,8.5],"rotation":{"angle":-45,"axis":"x","origin":[7,5.95,8]},"faces":{"north":{"uv":[3.5,3.75,4,4],"texture":"#0"},"east":{"uv":[3.25,3.75,3.5,4],"texture":"#0"},"south":{"uv":[4,3.75,4.5,4],"texture":"#0"},"west":{"uv":[4,4,4.25,4.25],"texture":"#0"},"up":{"uv":[4,3.75,3.5,3.5],"texture":"#0"},"down":{"uv":[4.5,3.5,4,3.75],"texture":"#0"}}},{"from":[-8.5,9.1,6.5],"to":[5.5,10.1,9.5],"rotation":{"angle":0,"axis":"y","origin":[1.5,8.1,8]},"faces":{"north":{"uv":[3.75,1.75,7.25,2],"texture":"#0"},"east":{"uv":[3,1.75,3.75,2],"texture":"#0"},"south":{"uv":[8,1.25,11.5,1.5],"texture":"#0"},"west":{"uv":[7.25,1.25,8,1.5],"texture":"#0"},"up":{"uv":[7.25,1.75,3.75,1],"texture":"#0"},"down":{"uv":[10.75,0.5,7.25,1.25],"texture":"#0"}}},{"from":[-11.5,10.25,4.5],"to":[6.5,10.25,11.5],"rotation":{"angle":0,"axis":"y","origin":[1.5,8.3,8]},"faces":{"up":{"uv":[11.75,3.25,7.25,1.5],"texture":"#0"},"down":{"uv":[11.75,1.5,7.25,3.25],"texture":"#0"}}},{"from":[-12,9.1,7.75],"to":[-8,10.1,9.75],"rotation":{"angle":22.5,"axis":"y","origin":[-8,9.5,8.75]},"faces":{"north":{"uv":[12.25,3,13.25,3.25],"texture":"#0"},"east":{"uv":[11.75,2.75,12.25,3],"texture":"#0"},"south":{"uv":[13.25,2.75,12.25,3],"texture":"#0"},"west":{"uv":[11.75,3,12.25,3.25],"texture":"#0"},"up":{"uv":[12.75,2.25,11.75,2.75],"texture":"#0"},"down":{"uv":[13.75,2.75,12.75,2.25],"texture":"#0"}}},{"from":[-12,9.1,6.25],"to":[-8,10.1,8.25],"rotation":{"angle":-22.5,"axis":"y","origin":[-8,9.5,7.25]},"faces":{"north":{"uv":[12.25,2.75,13.25,3],"texture":"#0"},"east":{"uv":[11.75,2.75,12.25,3],"texture":"#0"},"south":{"uv":[12.25,3,13.25,3.25],"rotation":180,"texture":"#0"},"west":{"uv":[11.75,3,12.25,3.25],"rotation":180,"texture":"#0"},"up":{"uv":[12.75,2.75,11.75,2.25],"texture":"#0"},"down":{"uv":[13.75,2.25,12.75,2.75],"texture":"#0"}}},{"from":[-12.25,8.6,5],"to":[-11.25,10.6,6],"rotation":{"angle":45,"axis":"y","origin":[-11.75,9.6,5.5]},"faces":{"north":{"uv":[13.75,2.75,14,3.25],"texture":"#0"},"east":{"uv":[13.5,2.75,13.75,3.25],"texture":"#0"},"south":{"uv":[14.25,2.75,14.5,3.25],"texture":"#0"},"west":{"uv":[14,2.75,14.25,3.25],"texture":"#0"},"up":{"uv":[14,2.75,13.75,2.5],"texture":"#0"},"down":{"uv":[14.25,2.5,14,2.75],"texture":"#0"}}},{"from":[-12.25,8.6,10],"to":[-11.25,10.6,11],"rotation":{"angle":45,"axis":"y","origin":[-11.75,9.6,10.5]},"faces":{"north":{"uv":[14,2.75,14.25,3.25],"texture":"#0"},"east":{"uv":[14.25,2.75,14.5,3.25],"texture":"#0"},"south":{"uv":[13.5,2.75,13.75,3.25],"texture":"#0"},"west":{"uv":[13.75,2.75,14,3.25],"texture":"#0"},"up":{"uv":[14,2.75,13.75,2.5],"texture":"#0"},"down":{"uv":[14.25,2.5,14,2.75],"texture":"#0"}}},{"from":[-3.5,10.1,7.5],"to":[-1.5,11.1,7.5],"rotation":{"angle":0,"axis":"y","origin":[0.5,9.1,8]},"faces":{"north":{"uv":[5.75,0.5,5.25,0.75],"texture":"#0"},"south":{"uv":[5.25,0.5,5.75,0.75],"texture":"#0"}}},{"from":[-3.5,10.1,8.5],"to":[-1.5,11.1,8.5],"rotation":{"angle":0,"axis":"y","origin":[0.5,9.1,9]},"faces":{"north":{"uv":[5.25,0.25,5.75,0.5],"texture":"#0"},"south":{"uv":[5.75,0.25,5.25,0.5],"texture":"#0"}}},{"from":[3.5,10.1,7.5],"to":[4.5,11.1,8.5],"rotation":{"angle":0,"axis":"y","origin":[6.5,9.1,8]},"faces":{"north":{"uv":[4,0.5,4.25,0.75],"texture":"#0"},"east":{"uv":[3.75,0.5,4,0.75],"texture":"#0"},"south":{"uv":[4.25,0.25,4.5,0.5],"texture":"#0"},"west":{"uv":[4.25,0.5,4.5,0.75],"texture":"#0"},"up":{"uv":[4,0.5,3.75,0.25],"texture":"#0"},"down":{"uv":[4.25,0.25,4,0.5],"texture":"#0"}}},{"from":[3.5,12.1,7.5],"to":[4.5,12.1,8.5],"rotation":{"angle":0,"axis":"y","origin":[6.5,10.1,8]},"faces":{"up":{"uv":[4.25,0.25,4,0],"texture":"#0"},"down":{"uv":[4.25,0,4,0.25],"texture":"#0"}}},{"from":[-8.5,10.6,7.5],"to":[3.5,10.6,8.5],"rotation":{"angle":0,"axis":"y","origin":[5.5,8.6,8]},"faces":{"up":{"uv":[6.75,1,3.75,0.75],"texture":"#0"},"down":{"uv":[6.75,0.75,3.75,1],"texture":"#0"}}},{"from":[3.5,11.1,8.5],"to":[4.5,12.1,8.5],"rotation":{"angle":0,"axis":"y","origin":[6.5,10.1,8]},"faces":{"north":{"uv":[3.75,0,4,0.25],"texture":"#0"},"south":{"uv":[3.75,0,4,0.25],"texture":"#0"}}},{"from":[3.5,11.1,7.5],"to":[4.5,12.1,7.5],"rotation":{"angle":0,"axis":"y","origin":[6.5,10.1,7]},"faces":{"north":{"uv":[4.25,0,4.5,0.25],"texture":"#0"},"south":{"uv":[4.25,0,4.5,0.25],"texture":"#0"}}},{"from":[3.725,4.825,7],"to":[5.725,8.825,9],"rotation":{"angle":45,"axis":"z","origin":[4.725,6.325,8]},"faces":{"north":{"uv":[5.75,3.5,6.25,4.5],"texture":"#0"},"east":{"uv":[5.25,3.5,5.75,4.5],"texture":"#0"},"south":{"uv":[6.75,3.5,7.25,4.5],"texture":"#0"},"west":{"uv":[6.25,3.5,6.75,4.5],"texture":"#0"},"up":{"uv":[6.25,3.5,5.75,3],"texture":"#0"},"down":{"uv":[6.75,3,6.25,3.5],"texture":"#0"}}},{"from":[5.5,4.95,7],"to":[6.5,6.95,9],"rotation":{"angle":-45,"axis":"x","origin":[5.5,5.95,8]},"faces":{"north":{"uv":[5,3.5,5.25,4],"texture":"#0"},"east":{"uv":[4.5,3.5,5,4],"texture":"#0"},"south":{"uv":[5,4,5.25,4.5],"texture":"#0"},"west":{"uv":[4.5,4,5,4.5],"texture":"#0"},"up":{"uv":[4.75,3.5,4.5,3],"texture":"#0"},"down":{"uv":[5,3,4.75,3.5],"texture":"#0"}}},{"from":[10.775,2.725,7],"to":[13.775,3.725,9],"rotation":{"angle":22.5,"axis":"z","origin":[12.775,3.225,8]},"faces":{"north":{"uv":[3.25,4.5,4,4.75],"texture":"#0"},"east":{"uv":[2.75,4.5,3.25,4.75],"texture":"#0"},"south":{"uv":[3.25,4.75,4,5],"texture":"#0"},"west":{"uv":[2.75,4.75,3.25,5],"texture":"#0"},"up":{"uv":[2,5,1.25,4.5],"texture":"#0"},"down":{"uv":[2.75,4.5,2,5],"texture":"#0"}}},{"from":[8.025,3.825,7],"to":[12.125,3.825,9],"rotation":{"angle":-45,"axis":"z","origin":[9.625,3.825,8]},"faces":{"up":{"uv":[3.5,4.5,2.25,4],"texture":"#0"},"down":{"uv":[3.5,4,2.25,4.5],"texture":"#0"}}},{"from":[8.325,4.925,7.5],"to":[9.325,5.925,8.5],"rotation":{"angle":-22.5,"axis":"z","origin":[11.075,5.425,8]},"faces":{"north":{"uv":[2.25,2.5,2.5,2.75],"texture":"#0"},"east":{"uv":[2,2.5,2.25,2.75],"texture":"#0"},"south":{"uv":[2.25,2.75,2.5,3],"texture":"#0"},"west":{"uv":[2,2.75,2.25,3],"texture":"#0"},"up":{"uv":[2.25,2.5,2,2.25],"texture":"#0"},"down":{"uv":[2.5,2.25,2.25,2.5],"texture":"#0"}}},{"from":[9.075,3.925,6.5],"to":[13.075,6.925,9.5],"rotation":{"angle":-22.5,"axis":"z","origin":[11.075,5.425,8]},"faces":{"north":{"uv":[0.75,3,1.75,3.75],"texture":"#0"},"east":{"uv":[0,3,0.75,3.75],"texture":"#0"},"south":{"uv":[0.75,3.75,1.75,4.5],"texture":"#0"},"west":{"uv":[0,3.75,0.75,4.5],"texture":"#0"},"up":{"uv":[1,3,0,2.25],"texture":"#0"},"down":{"uv":[2,2.25,1,3],"texture":"#0"}}},{"from":[-12.75,9.75,7],"to":[3.25,11.75,9],"rotation":{"angle":-45,"axis":"x","origin":[-4.75,10.75,8]},"faces":{"north":{"uv":[0,6.75,4,7.25],"texture":"#0"},"east":{"uv":[8,6.75,8.5,7.25],"texture":"#0"},"south":{"uv":[4,6.75,8,7.25],"texture":"#0"},"west":{"uv":[8,7.25,8.5,7.75],"texture":"#0"},"up":{"uv":[4,7.75,0,7.25],"texture":"#0"},"down":{"uv":[8,7.25,4,7.75],"texture":"#0"}}},{"from":[-15.59776,10.23463,7.475],"to":[-9.59776,11.23463,8.475],"rotation":{"angle":0,"axis":"y","origin":[-6.59776,10.23463,7.5]},"faces":{"north":{"uv":[0.25,8,1.75,8.25],"texture":"#0"},"east":{"uv":[0,8,0.25,8.25],"texture":"#0"},"south":{"uv":[2,8,3.5,8.25],"texture":"#0"},"west":{"uv":[1.75,8,2,8.25],"texture":"#0"},"up":{"uv":[1.75,8,0.25,7.75],"texture":"#0"},"down":{"uv":[3.25,7.75,1.75,8],"texture":"#0"}}},{"from":[2.40224,10.23463,7.975],"to":[5.40224,12.23463,7.975],"rotation":{"angle":0,"axis":"y","origin":[11.40224,10.23463,7.5]},"faces":{"north":{"uv":[5.5,7.75,6.25,8.25],"texture":"#0"},"east":{"uv":[5.5,7.75,5.5,8.25],"texture":"#0"},"south":{"uv":[6.25,7.75,5.5,8.25],"texture":"#0"},"west":{"uv":[6.25,7.75,6.25,8.25],"texture":"#0"},"up":{"uv":[6.25,7.75,5.5,7.75],"texture":"#0"},"down":{"uv":[7,7.75,6.25,7.75],"texture":"#0"}}},{"from":[-15.40016,13.7549,7.45],"to":[-12.40016,14.7549,8.5],"rotation":{"angle":22.5,"axis":"z","origin":[-6.40016,13.7549,7.475]},"faces":{"north":{"uv":[3.75,8,4.5,8.25],"texture":"#0"},"east":{"uv":[3.5,8,3.75,8.25],"texture":"#0"},"south":{"uv":[4.75,8,5.5,8.25],"texture":"#0"},"west":{"uv":[4.5,8,4.75,8.25],"texture":"#0"},"up":{"uv":[4.5,8,3.75,7.75],"texture":"#0"},"down":{"uv":[5.25,7.75,4.5,8],"texture":"#0"}}},{"from":[-15.40016,10.20963,10.99527],"to":[-12.40016,11.20963,11.99527],"rotation":{"angle":-22.5,"axis":"y","origin":[-6.40016,11.23463,10.99527]},"faces":{"north":{"uv":[3.75,8,4.5,8.25],"texture":"#0"},"east":{"uv":[3.5,8,3.75,8.25],"texture":"#0"},"south":{"uv":[4.75,8,5.5,8.25],"texture":"#0"},"west":{"uv":[4.5,8,4.75,8.25],"texture":"#0"},"up":{"uv":[4.5,8,3.75,7.75],"texture":"#0"},"down":{"uv":[5.25,7.75,4.5,8],"texture":"#0"}}},{"from":[-15.15016,6.71436,7.525],"to":[-12.15016,7.71436,8.575],"rotation":{"angle":-22.5,"axis":"z","origin":[-6.15016,7.71436,8.55]},"faces":{"north":{"uv":[3.75,8,4.5,8.25],"texture":"#0"},"east":{"uv":[3.5,8,3.75,8.25],"texture":"#0"},"south":{"uv":[4.75,8,5.5,8.25],"texture":"#0"},"west":{"uv":[4.5,8,4.75,8.25],"texture":"#0"},"up":{"uv":[4.5,8,3.75,7.75],"texture":"#0"},"down":{"uv":[5.25,7.75,4.5,8],"texture":"#0"}}},{"from":[-15.15016,10.20963,3.95473],"to":[-12.15016,11.20963,4.95473],"rotation":{"angle":22.5,"axis":"y","origin":[-6.15016,10.18463,4.95473]},"faces":{"north":{"uv":[3.75,8,4.5,8.25],"texture":"#0"},"east":{"uv":[3.5,8,3.75,8.25],"texture":"#0"},"south":{"uv":[4.75,8,5.5,8.25],"texture":"#0"},"west":{"uv":[4.5,8,4.75,8.25],"texture":"#0"},"up":{"uv":[4.5,8,3.75,7.75],"texture":"#0"},"down":{"uv":[5.25,7.75,4.5,8],"texture":"#0"}}}],"gui_light":"front"}