{"format_version":"1.21.6","display":{"thirdperson_righthand":{"rotation":[90,0,0],"translation":[0,8.75,0.25],"scale":[0.85,0.85,0.85]},"thirdperson_lefthand":{"rotation":[90,0,0],"translation":[0,8.5,0.25],"scale":[0.85,0.85,0.85]},"firstperson_righthand":{"rotation":[78,4,-9],"translation":[1.75,5.75,0.5],"scale":[0.66,0.66,0.66]},"firstperson_lefthand":{"rotation":[78,4,-9],"translation":[1.75,5.75,0.5],"scale":[0.66,0.66,0.66]},"ground":{"rotation":[45,0,0],"translation":[0,9,-0.25],"scale":[0.55,0.55,0.55]},"gui":{"rotation":[90,45,90],"translation":[-0.25,0.25,0],"scale":[0.4,0.4,0.4]},"fixed":{"rotation":[90,0,90],"translation":[-0.25,0,-0.75],"scale":[0.66,0.66,0.66]}},"texture_size":[64,64],"textures":{"0":"reallyworld_halloween_event:item/weapons/reallyworld_halloween_event_blood-sword_texture"},"elements":[{"from":[8,4.5,-16],"to":[8,11.5,15],"rotation":{"angle":0,"axis":"y","origin":[6,7,12]},"faces":{"east":{"uv":[8.25,0,0.5,1.75],"texture":"#0"},"west":{"uv":[0.5,0,8.25,1.75],"texture":"#0"}}},{"from":[7,7,18],"to":[9,9,24],"rotation":{"angle":0,"axis":"y","origin":[6.5,7.5,3]},"faces":{"north":{"uv":[1.5,13,2,13.5],"texture":"#0"},"east":{"uv":[0,13,1.5,13.5],"texture":"#0"},"south":{"uv":[1.5,13.5,2,14],"texture":"#0"},"west":{"uv":[0,13.5,1.5,14],"texture":"#0"},"up":{"uv":[0.5,13,0,11.5],"texture":"#0"},"down":{"uv":[1,11.5,0.5,13],"texture":"#0"}}},{"from":[7.5,7.5,-6],"to":[8.5,8.5,12],"rotation":{"angle":0,"axis":"y","origin":[6.5,7.5,-6]},"faces":{"north":{"uv":[4.5,4.5,4.75,4.75],"texture":"#0"},"east":{"uv":[0,4.5,4.5,4.75],"texture":"#0"},"south":{"uv":[4.5,4.75,4.75,5],"texture":"#0"},"west":{"uv":[0,4.75,4.5,5],"texture":"#0"},"up":{"uv":[0.25,4.5,0,0],"texture":"#0"},"down":{"uv":[0.5,0,0.25,4.5],"texture":"#0"}}},{"from":[7,7,26],"to":[9,9,29],"rotation":{"angle":0,"axis":"y","origin":[6.5,7.5,9]},"faces":{"north":{"uv":[1.75,12,2.25,12.5],"texture":"#0"},"east":{"uv":[1,12,1.75,12.5],"texture":"#0"},"south":{"uv":[1.75,12.5,2.25,13],"texture":"#0"},"west":{"uv":[1,12.5,1.75,13],"texture":"#0"},"up":{"uv":[1.5,12,1,11.25],"texture":"#0"},"down":{"uv":[2,11.25,1.5,12],"texture":"#0"}}},{"from":[7,6,12],"to":[9,10,18],"rotation":{"angle":0,"axis":"y","origin":[6.5,7.5,-6]},"faces":{"north":{"uv":[3.75,5,4.25,6],"texture":"#0"},"east":{"uv":[2.25,5,3.75,6],"texture":"#0"},"south":{"uv":[3.75,6,4.25,7],"texture":"#0"},"west":{"uv":[2.25,6,3.75,7],"texture":"#0"},"up":{"uv":[4.75,7,4.25,5.5],"texture":"#0"},"down":{"uv":[5.25,5.5,4.75,7],"texture":"#0"}}},{"from":[7,7,4],"to":[9,9,10],"rotation":{"angle":0,"axis":"y","origin":[6.5,7.5,-11]},"faces":{"north":{"uv":[2,3.5,2.5,4],"texture":"#0"},"east":{"uv":[0.5,3.5,2,4],"texture":"#0"},"south":{"uv":[2,4,2.5,4.5],"texture":"#0"},"west":{"uv":[0.5,4,2,4.5],"texture":"#0"},"up":{"uv":[1,3.5,0.5,2],"texture":"#0"},"down":{"uv":[1.5,2,1,3.5],"texture":"#0"}}},{"from":[7.5,9,14.25],"to":[8.5,15,15.25],"rotation":{"angle":-22.5,"axis":"x","origin":[8,12,15.25]},"faces":{"north":{"uv":[1.5,7,1.75,5.25],"texture":"#0"},"east":{"uv":[1.25,7,1.5,5.25],"texture":"#0"},"south":{"uv":[2,7,2.25,5.25],"texture":"#0"},"west":{"uv":[1.75,7,2,5.25],"texture":"#0"},"up":{"uv":[2,5.25,1.75,5],"texture":"#0"},"down":{"uv":[1.75,5,1.5,5.25],"texture":"#0"}}},{"from":[8,8.5,7.75],"to":[8,17.5,16.75],"rotation":{"angle":-22.5,"axis":"x","origin":[8,12,15.25]},"faces":{"east":{"uv":[2.25,7,0,9.25],"texture":"#0"},"west":{"uv":[0,7,2.25,9.25],"texture":"#0"}}},{"from":[7.5,0,11.75],"to":[8.5,1,15.75],"rotation":{"angle":22.5,"axis":"x","origin":[8,4,15.25]},"faces":{"north":{"uv":[1,6.5,1.25,6.75],"texture":"#0"},"east":{"uv":[0,6.5,1,6.75],"texture":"#0"},"south":{"uv":[1,6.75,1.25,7],"texture":"#0"},"west":{"uv":[0,6.75,1,7],"texture":"#0"},"up":{"uv":[0.25,6.5,0,5.5],"texture":"#0"},"down":{"uv":[0.5,5.5,0.25,6.5],"texture":"#0"}}},{"from":[7.5,1,14.25],"to":[8.5,7,15.25],"rotation":{"angle":22.5,"axis":"x","origin":[8,4,15.25]},"faces":{"north":{"uv":[1.5,5.25,1.75,7],"texture":"#0"},"east":{"uv":[1.25,5.25,1.5,7],"texture":"#0"},"south":{"uv":[2,5.25,2.25,7],"texture":"#0"},"west":{"uv":[1.75,5.25,2,7],"texture":"#0"},"up":{"uv":[1.75,5.25,1.5,5],"texture":"#0"},"down":{"uv":[2,5,1.75,5.25],"texture":"#0"}}},{"from":[8,-1.5,7.75],"to":[8,7.5,16.75],"rotation":{"angle":22.5,"axis":"x","origin":[8,4,15.25]},"faces":{"east":{"uv":[2.25,9.25,0,7],"texture":"#0"},"west":{"uv":[0,9.25,2.25,7],"texture":"#0"}}},{"from":[7.5,15,11.75],"to":[8.5,16,15.75],"rotation":{"angle":-22.5,"axis":"x","origin":[8,12,15.25]},"faces":{"north":{"uv":[1,6.5,1.25,6.75],"texture":"#0"},"east":{"uv":[0,6.5,1,6.75],"texture":"#0"},"south":{"uv":[1,6.75,1.25,7],"texture":"#0"},"west":{"uv":[0,6.75,1,7],"texture":"#0"},"up":{"uv":[0.5,6.5,0.25,5.5],"texture":"#0"},"down":{"uv":[0.25,5.5,0,6.5],"texture":"#0"}}},{"from":[8,4,23],"to":[8,12,32],"rotation":{"angle":0,"axis":"y","origin":[6.5,7.5,10]},"faces":{"east":{"uv":[2.25,14,0,16],"texture":"#0"},"west":{"uv":[0,14,2.25,16],"texture":"#0"}}}],"gui_light":"front"}