{"parent":"minecraft:item/generated","textures":{"layer0":"minecraft:item/leather_horse_armor"},"overrides":[{"predicate":{"custom_model_data":1},"model":"modelengine:akula/osnova"},{"predicate":{"custom_model_data":2},"model":"modelengine:alien_case/bone"},{"predicate":{"custom_model_data":3},"model":"modelengine:capuchino/osnova"},{"predicate":{"custom_model_data":4},"model":"modelengine:dwarf_2/right_arm"},{"predicate":{"custom_model_data":5},"model":"modelengine:dwarf_2/axe"},{"predicate":{"custom_model_data":6},"model":"modelengine:dwarf_2/left_arm"},{"predicate":{"custom_model_data":7},"model":"modelengine:dwarf_2/shield"},{"predicate":{"custom_model_data":8},"model":"modelengine:dwarf_2/backpack"},{"predicate":{"custom_model_data":9},"model":"modelengine:dwarf_2/body"},{"predicate":{"custom_model_data":10},"model":"modelengine:dwarf_2/bone"},{"predicate":{"custom_model_data":11},"model":"modelengine:dwarf_2/head"},{"predicate":{"custom_model_data":12},"model":"modelengine:dwarf_2/left_leg"},{"predicate":{"custom_model_data":13},"model":"modelengine:dwarf_2/right_leg"},{"predicate":{"custom_model_data":14},"model":"modelengine:ghost/tale"},{"predicate":{"custom_model_data":15},"model":"modelengine:ghost/ghost"},{"predicate":{"custom_model_data":16},"model":"modelengine:ghost/mouth"},{"predicate":{"custom_model_data":17},"model":"modelengine:ghost/right_eye"},{"predicate":{"custom_model_data":18},"model":"modelengine:ghost/left_eye"},{"predicate":{"custom_model_data":19},"model":"modelengine:zahur/osnova"}]}