{"textures":{"0":"modelengine:entity/gp2_goblin_warrior_parts"},"elements":[{"from":[5.142857,8.0,4.0],"to":[10.285714,11.428572,9.142858],"rotation":{"angle":0.0,"axis":"y","origin":[8.0,-1.7142859,4.5714283]},"faces":{"south":{"uv":[0.0,6.375,1.125,7.125],"rotation":0,"texture":"#0","tintindex":0},"north":{"uv":[4.5,6.125,5.625,6.875],"rotation":0,"texture":"#0","tintindex":0},"down":{"uv":[2.375,1.125,1.25,2.25],"rotation":0,"texture":"#0","tintindex":0},"east":{"uv":[5.625,6.25,6.75,7.0],"rotation":0,"texture":"#0","tintindex":0},"west":{"uv":[3.375,6.375,4.5,7.125],"rotation":0,"texture":"#0","tintindex":0},"up":{"uv":[2.375,1.125,1.25,0.0],"rotation":0,"texture":"#0","tintindex":0}}},{"from":[5.142857,12.084072,5.584012],"to":[10.285714,12.084072,9.012584],"rotation":{"angle":-22.5,"axis":"x","origin":[7.714286,12.084072,7.298298]},"faces":{"south":{"uv":[0.0,0.0,1.125,0.0],"rotation":0,"texture":"#0","tintindex":0},"north":{"uv":[0.0,0.0,1.125,0.0],"rotation":0,"texture":"#0","tintindex":0},"down":{"uv":[3.375,6.5,2.25,7.25],"rotation":0,"texture":"#0","tintindex":0},"east":{"uv":[0.0,0.0,0.75,0.0],"rotation":0,"texture":"#0","tintindex":0},"west":{"uv":[0.0,0.0,0.75,0.0],"rotation":0,"texture":"#0","tintindex":0},"up":{"uv":[2.25,7.25,1.125,6.5],"rotation":0,"texture":"#0","tintindex":0}}},{"from":[6.857143,7.428571,2.8571424],"to":[8.571428,10.285714,4.0],"rotation":{"angle":0.0,"axis":"y","origin":[8.0,-1.7142859,4.5714283]},"faces":{"south":{"uv":[5.625,10.25,6.0,10.875],"rotation":0,"texture":"#0","tintindex":0},"north":{"uv":[2.625,10.25,3.0,10.875],"rotation":0,"texture":"#0","tintindex":0},"down":{"uv":[7.75,9.0,7.375,9.25],"rotation":0,"texture":"#0","tintindex":0},"east":{"uv":[4.5,5.5,4.75,6.125],"rotation":0,"texture":"#0","tintindex":0},"west":{"uv":[8.25,10.375,8.5,11.0],"rotation":0,"texture":"#0","tintindex":0},"up":{"uv":[7.875,0.625,7.5,0.375],"rotation":0,"texture":"#0","tintindex":0}}},{"from":[5.714286,8.0,3.4285712],"to":[9.714286,9.142858,3.4285712],"rotation":{"angle":0.0,"axis":"y","origin":[8.0,-1.7142859,4.5714283]},"faces":{"south":{"uv":[10.375,7.0,11.25,7.25],"rotation":0,"texture":"#0","tintindex":0},"north":{"uv":[10.25,2.5,11.125,2.75],"rotation":0,"texture":"#0","tintindex":0},"down":{"uv":[0.875,0.0,0.0,0.0],"rotation":0,"texture":"#0","tintindex":0},"east":{"uv":[0.0,0.0,0.0,0.25],"rotation":0,"texture":"#0","tintindex":0},"west":{"uv":[0.0,0.0,0.0,0.25],"rotation":0,"texture":"#0","tintindex":0},"up":{"uv":[0.875,0.0,0.0,0.0],"rotation":0,"texture":"#0","tintindex":0}}}],"display":{"head":{"translation":[0.0,-6.4,0.0],"scale":[4.0,4.0,4.0]}}}