{"elements":[{"from":[4.5110855,3.5090609,3.9053712],"to":[12.894172,15.4848995,12.288458],"rotation":{"angle":0.0,"axis":"y","origin":[8.702628,8.898188,8.096914]},"faces":{"south":{"uv":[0.0,1.75,1.75,4.25],"rotation":0,"texture":"#0","tintindex":0},"north":{"uv":[3.5,1.75,5.25,4.25],"rotation":0,"texture":"#0","tintindex":0},"down":{"uv":[5.25,0.0,3.5,1.75],"rotation":0,"texture":"#0","tintindex":0},"east":{"uv":[5.25,1.75,7.0,4.25],"rotation":0,"texture":"#0","tintindex":0},"west":{"uv":[1.75,1.75,3.5,4.25],"rotation":0,"texture":"#0","tintindex":0},"up":{"uv":[3.5,1.75,1.75,0.0],"rotation":0,"texture":"#0","tintindex":0}}}],"textures":{"0":"modelengine:entity/texture_ghost"},"display":{"head":{"translation":[0.0,-6.4,0.0],"scale":[4.0,4.0,4.0]}}}