{"textures":{"0":"modelengine:entity/dwarf_huntsman"},"elements":[{"from":[6.2795506,5.3190475,6.7063236],"to":[9.708122,8.17619,8.420609],"rotation":{"angle":0.0,"axis":"y","origin":[7.9938364,5.740298,8.932865]},"faces":{"south":{"uv":[0.0,7.125,0.75,7.75],"rotation":0,"texture":"#0","tintindex":0},"north":{"uv":[6.25,7.0,7.0,7.625],"rotation":0,"texture":"#0","tintindex":0},"down":{"uv":[7.5,9.25,6.75,9.625],"rotation":0,"texture":"#0","tintindex":0},"east":{"uv":[8.625,10.0,9.0,10.625],"rotation":0,"texture":"#0","tintindex":0},"west":{"uv":[0.0,10.375,0.375,11.0],"rotation":0,"texture":"#0","tintindex":0},"up":{"uv":[6.375,5.25,5.625,4.875],"rotation":0,"texture":"#0","tintindex":0}}},{"from":[7.1366935,4.7476187,6.992038],"to":[8.850979,5.3190475,8.134895],"rotation":{"angle":0.0,"axis":"y","origin":[7.9938364,5.740298,8.932865]},"faces":{"south":{"uv":[9.375,5.625,9.75,5.75],"rotation":0,"texture":"#0","tintindex":0},"north":{"uv":[2.5,7.625,2.875,7.75],"rotation":0,"texture":"#0","tintindex":0},"down":{"uv":[8.375,3.625,8.0,3.875],"rotation":0,"texture":"#0","tintindex":0},"east":{"uv":[10.625,6.0,10.875,6.125],"rotation":0,"texture":"#0","tintindex":0},"west":{"uv":[8.5,11.125,8.75,11.25],"rotation":0,"texture":"#0","tintindex":0},"up":{"uv":[3.375,8.125,3.0,7.875],"rotation":0,"texture":"#0","tintindex":0}}},{"from":[6.850979,2.4619045,6.7063236],"to":[9.136694,4.7476187,8.420609],"rotation":{"angle":0.0,"axis":"y","origin":[7.9938364,5.740298,8.932865]},"faces":{"south":{"uv":[9.75,7.875,10.25,8.375],"rotation":0,"texture":"#0","tintindex":0},"north":{"uv":[6.75,9.75,7.25,10.25],"rotation":0,"texture":"#0","tintindex":0},"down":{"uv":[7.875,10.5,7.375,10.875],"rotation":0,"texture":"#0","tintindex":0},"east":{"uv":[10.375,8.75,10.75,9.25],"rotation":0,"texture":"#0","tintindex":0},"west":{"uv":[10.375,10.125,10.75,10.625],"rotation":0,"texture":"#0","tintindex":0},"up":{"uv":[1.75,10.875,1.25,10.5],"rotation":0,"texture":"#0","tintindex":0}}}],"display":{"head":{"translation":[0.0,-6.4,0.0],"scale":[4.0,4.0,4.0]}}}