{"textures":{"0":"modelengine:entity/dwarf_huntsman"},"elements":[{"from":[4.8571424,4.5714283,8.0],"to":[11.142858,8.0,8.0],"rotation":{"angle":0.0,"axis":"y","origin":[8.0,6.5714283,6.285714]},"faces":{"south":{"uv":[3.0,2.625,4.375,3.375],"rotation":0,"texture":"#0","tintindex":0},"north":{"uv":[3.0,1.75,4.375,2.5],"rotation":0,"texture":"#0","tintindex":0},"down":{"uv":[13.625,1.0,12.25,1.0],"rotation":0,"texture":"#0","tintindex":0},"east":{"uv":[3.625,11.25,3.625,12.0],"rotation":0,"texture":"#0","tintindex":0},"west":{"uv":[10.875,12.125,10.875,12.875],"rotation":0,"texture":"#0","tintindex":0},"up":{"uv":[13.5,5.625,12.125,5.625],"rotation":0,"texture":"#0","tintindex":0}}}],"display":{"head":{"translation":[0.0,-6.4,0.0],"scale":[4.0,4.0,4.0]}}}