{"textures":{"0":"modelengine:entity/dwarf_huntsman"},"elements":[{"from":[4.8571424,5.142857,8.0],"to":[11.142858,8.0,8.0],"rotation":{"angle":0.0,"axis":"y","origin":[8.0,10.0,6.285714]},"faces":{"south":{"uv":[5.25,3.375,6.625,4.0],"rotation":0,"texture":"#0","tintindex":0},"north":{"uv":[1.5,4.75,2.875,5.375],"rotation":0,"texture":"#0","tintindex":0},"down":{"uv":[13.625,2.5,12.25,2.5],"rotation":0,"texture":"#0","tintindex":0},"east":{"uv":[4.5,8.25,4.5,8.875],"rotation":0,"texture":"#0","tintindex":0},"west":{"uv":[0.25,12.25,0.25,12.875],"rotation":0,"texture":"#0","tintindex":0},"up":{"uv":[13.625,2.375,12.25,2.375],"rotation":0,"texture":"#0","tintindex":0}}}],"display":{"head":{"translation":[0.0,-6.4,0.0],"scale":[4.0,4.0,4.0]}}}