{"textures":{"0":"modelengine:entity/dwarf_huntsman"},"elements":[{"from":[5.4224076,7.9208794,5.7820425],"to":[10.565265,10.778022,9.210614],"rotation":{"angle":0.0,"axis":"y","origin":[7.9938364,9.484987,6.2800117]},"faces":{"south":{"uv":[5.625,4.125,6.75,4.75],"rotation":0,"texture":"#0","tintindex":0},"north":{"uv":[5.625,2.0,6.75,2.625],"rotation":0,"texture":"#0","tintindex":0},"down":{"uv":[6.5,5.375,5.375,6.125],"rotation":0,"texture":"#0","tintindex":0},"east":{"uv":[6.875,4.0,7.625,4.625],"rotation":0,"texture":"#0","tintindex":0},"west":{"uv":[5.375,7.0,6.125,7.625],"rotation":0,"texture":"#0","tintindex":0},"up":{"uv":[5.25,6.125,4.125,5.375],"rotation":0,"texture":"#0","tintindex":0}}},{"from":[4.850979,9.063736,7.0677567],"to":[11.136694,11.920879,10.496328],"rotation":{"angle":-22.5,"axis":"x","origin":[7.9938364,10.492308,8.639185]},"faces":{"south":{"uv":[0.0,4.75,1.375,5.375],"rotation":0,"texture":"#0","tintindex":0},"north":{"uv":[4.125,4.625,5.5,5.25],"rotation":0,"texture":"#0","tintindex":0},"down":{"uv":[4.375,0.875,3.0,1.625],"rotation":0,"texture":"#0","tintindex":0},"east":{"uv":[0.875,7.125,1.625,7.75],"rotation":0,"texture":"#0","tintindex":0},"west":{"uv":[7.125,7.0,7.875,7.625],"rotation":0,"texture":"#0","tintindex":0},"up":{"uv":[4.375,0.75,3.0,0.0],"rotation":0,"texture":"#0","tintindex":0}}},{"from":[4.850979,12.414309,10.354434],"to":[11.136694,14.700024,10.354434],"rotation":{"angle":22.5,"axis":"x","origin":[7.9938364,13.84288,10.354434]},"faces":{"south":{"uv":[3.5,6.25,4.875,6.75],"rotation":0,"texture":"#0","tintindex":0},"north":{"uv":[5.625,2.75,7.0,3.25],"rotation":0,"texture":"#0","tintindex":0},"down":{"uv":[13.75,3.0,12.375,3.0],"rotation":0,"texture":"#0","tintindex":0},"east":{"uv":[0.375,12.375,0.375,12.875],"rotation":0,"texture":"#0","tintindex":0},"west":{"uv":[0.5,12.375,0.5,12.875],"rotation":0,"texture":"#0","tintindex":0},"up":{"uv":[13.75,2.875,12.375,2.875],"rotation":0,"texture":"#0","tintindex":0}}}],"display":{"head":{"translation":[0.0,-6.4,0.0],"scale":[4.0,4.0,4.0]}}}