{"textures":{"0":"modelengine:entity/dwarf_huntsman"},"elements":[{"from":[5.708122,7.789066,4.857257],"to":[10.279551,12.3319235,9.428685],"rotation":{"angle":0.0,"axis":"y","origin":[7.9938364,7.067459,6.512369]},"faces":{"south":{"uv":[4.5,0.0,5.5,1.0],"rotation":0,"texture":"#0","tintindex":0},"north":{"uv":[3.0,3.5,4.0,4.5],"rotation":0,"texture":"#0","tintindex":0},"down":{"uv":[4.0,4.625,3.0,5.625],"rotation":0,"texture":"#0","tintindex":0},"east":{"uv":[4.125,3.5,5.125,4.5],"rotation":0,"texture":"#0","tintindex":0},"west":{"uv":[4.5,1.125,5.5,2.125],"rotation":0,"texture":"#0","tintindex":0},"up":{"uv":[5.5,3.25,4.5,2.25],"rotation":0,"texture":"#0","tintindex":0}}},{"from":[5.708122,10.07478,4.285828],"to":[7.4224076,10.617638,4.857257],"rotation":{"angle":0.0,"axis":"y","origin":[7.9938364,7.067459,6.512369]},"faces":{"south":{"uv":[1.875,12.0,2.25,12.125],"rotation":0,"texture":"#0","tintindex":0},"north":{"uv":[11.0,5.375,11.375,5.5],"rotation":0,"texture":"#0","tintindex":0},"down":{"uv":[12.375,6.0,12.0,6.125],"rotation":0,"texture":"#0","tintindex":0},"east":{"uv":[1.875,12.25,2.0,12.375],"rotation":0,"texture":"#0","tintindex":0},"west":{"uv":[12.25,1.875,12.375,2.0],"rotation":0,"texture":"#0","tintindex":0},"up":{"uv":[5.125,12.125,4.75,12.0],"rotation":0,"texture":"#0","tintindex":0}}},{"from":[8.565265,10.07478,4.285828],"to":[10.279551,10.617638,4.857257],"rotation":{"angle":0.0,"axis":"y","origin":[7.9938364,7.067459,6.512369]},"faces":{"south":{"uv":[12.0,6.5,12.375,6.625],"rotation":0,"texture":"#0","tintindex":0},"north":{"uv":[12.0,6.25,12.375,6.375],"rotation":0,"texture":"#0","tintindex":0},"down":{"uv":[12.5,1.125,12.125,1.25],"rotation":0,"texture":"#0","tintindex":0},"east":{"uv":[2.125,12.25,2.25,12.375],"rotation":0,"texture":"#0","tintindex":0},"west":{"uv":[12.25,2.125,12.375,2.25],"rotation":0,"texture":"#0","tintindex":0},"up":{"uv":[1.0,12.25,0.625,12.125],"rotation":0,"texture":"#0","tintindex":0}}},{"from":[5.708122,11.917688,5.8573074],"to":[10.279551,14.74626,5.8573074],"rotation":{"angle":45.0,"axis":"x","origin":[7.9938364,13.331974,5.8573074]},"faces":{"south":{"uv":[6.625,0.75,7.625,1.375],"rotation":0,"texture":"#0","tintindex":0},"north":{"uv":[6.625,0.0,7.625,0.625],"rotation":0,"texture":"#0","tintindex":0},"down":{"uv":[13.25,9.375,12.25,9.375],"rotation":0,"texture":"#0","tintindex":0},"east":{"uv":[10.5,12.25,10.5,12.875],"rotation":0,"texture":"#0","tintindex":0},"west":{"uv":[11.0,12.25,11.0,12.875],"rotation":0,"texture":"#0","tintindex":0},"up":{"uv":[13.25,9.25,12.25,9.25],"rotation":0,"texture":"#0","tintindex":0}}}],"display":{"head":{"translation":[0.0,-6.4,0.0],"scale":[4.0,4.0,4.0]}}}