{"textures":{"0":"modelengine:entity/dwarf_huntsman"},"elements":[{"from":[6.4099855,5.2451477,6.3977647],"to":[8.6957,8.102291,8.683479],"rotation":{"angle":0.0,"axis":"y","origin":[11.267128,6.8092556,6.338591]},"faces":{"south":{"uv":[0.625,8.625,1.125,9.25],"rotation":0,"texture":"#0","tintindex":0},"north":{"uv":[7.25,8.5,7.75,9.125],"rotation":0,"texture":"#0","tintindex":0},"down":{"uv":[0.5,9.75,0.0,10.25],"rotation":0,"texture":"#0","tintindex":0},"east":{"uv":[0.0,8.625,0.5,9.25],"rotation":0,"texture":"#0","tintindex":0},"west":{"uv":[1.25,8.625,1.75,9.25],"rotation":0,"texture":"#0","tintindex":0},"up":{"uv":[10.125,7.75,9.625,7.25],"rotation":0,"texture":"#0","tintindex":0}}},{"from":[6.124271,6.102291,6.1120505],"to":[8.409986,8.388005,8.969193],"rotation":{"angle":0.0,"axis":"y","origin":[11.267128,6.8092556,6.338591]},"faces":{"south":{"uv":[9.75,9.125,10.25,9.625],"rotation":0,"texture":"#0","tintindex":0},"north":{"uv":[9.75,8.5,10.25,9.0],"rotation":0,"texture":"#0","tintindex":0},"down":{"uv":[9.0,8.625,8.5,9.25],"rotation":0,"texture":"#0","tintindex":0},"east":{"uv":[8.5,0.875,9.125,1.375],"rotation":0,"texture":"#0","tintindex":0},"west":{"uv":[8.625,6.25,9.25,6.75],"rotation":0,"texture":"#0","tintindex":0},"up":{"uv":[8.375,9.25,7.875,8.625],"rotation":0,"texture":"#0","tintindex":0}}},{"from":[6.981414,7.6326127,5.6222467],"to":[9.267128,9.346898,9.050818],"rotation":{"angle":-22.5,"axis":"x","origin":[9.838557,8.489756,7.3365326]},"faces":{"south":{"uv":[4.875,10.625,5.375,11.0],"rotation":0,"texture":"#0","tintindex":0},"north":{"uv":[9.125,10.5,9.625,10.875],"rotation":0,"texture":"#0","tintindex":0},"down":{"uv":[3.5,8.25,3.0,9.0],"rotation":0,"texture":"#0","tintindex":0},"east":{"uv":[1.25,9.375,2.0,9.75],"rotation":0,"texture":"#0","tintindex":0},"west":{"uv":[9.375,2.125,10.125,2.5],"rotation":0,"texture":"#0","tintindex":0},"up":{"uv":[8.5,7.0,8.0,6.25],"rotation":0,"texture":"#0","tintindex":0}}},{"from":[6.981414,9.346898,5.6222467],"to":[6.981414,11.061184,9.050818],"rotation":{"angle":-22.5,"axis":"x","origin":[9.838557,8.489756,7.3365326]},"faces":{"south":{"uv":[7.875,5.5,7.875,5.875],"rotation":0,"texture":"#0","tintindex":0},"north":{"uv":[6.5,4.875,6.5,5.25],"rotation":0,"texture":"#0","tintindex":0},"down":{"uv":[4.875,12.25,4.875,13.0],"rotation":0,"texture":"#0","tintindex":0},"east":{"uv":[9.375,2.625,10.125,3.0],"rotation":0,"texture":"#0","tintindex":0},"west":{"uv":[9.375,3.125,10.125,3.5],"rotation":0,"texture":"#0","tintindex":0},"up":{"uv":[4.75,13.0,4.75,12.25],"rotation":0,"texture":"#0","tintindex":0}}}],"display":{"head":{"translation":[0.0,-6.4,0.0],"scale":[4.0,4.0,4.0]}}}