{"textures":{"0":"modelengine:entity/dwarf_huntsman"},"elements":[{"from":[6.3554993,4.4638968,6.992038],"to":[8.069785,7.3210397,8.134895],"rotation":{"angle":-22.5,"axis":"z","origin":[9.731601,5.4414773,8.932865]},"faces":{"south":{"uv":[10.375,3.375,10.75,4.0],"rotation":0,"texture":"#0","tintindex":0},"north":{"uv":[1.875,10.375,2.25,11.0],"rotation":0,"texture":"#0","tintindex":0},"down":{"uv":[3.0,11.75,2.625,12.0],"rotation":0,"texture":"#0","tintindex":0},"east":{"uv":[5.875,11.0,6.125,11.625],"rotation":0,"texture":"#0","tintindex":0},"west":{"uv":[7.375,11.0,7.625,11.625],"rotation":0,"texture":"#0","tintindex":0},"up":{"uv":[12.125,2.625,11.75,2.375],"rotation":0,"texture":"#0","tintindex":0}}},{"from":[6.6412134,3.892468,6.992038],"to":[7.7840705,4.4638968,8.134895],"rotation":{"angle":-22.5,"axis":"z","origin":[9.731601,5.4414773,8.932865]},"faces":{"south":{"uv":[3.875,12.125,4.125,12.25],"rotation":0,"texture":"#0","tintindex":0},"north":{"uv":[3.125,12.125,3.375,12.25],"rotation":0,"texture":"#0","tintindex":0},"down":{"uv":[12.0,7.375,11.75,7.625],"rotation":0,"texture":"#0","tintindex":0},"east":{"uv":[3.5,12.125,3.75,12.25],"rotation":0,"texture":"#0","tintindex":0},"west":{"uv":[12.125,4.5,12.375,4.625],"rotation":0,"texture":"#0","tintindex":0},"up":{"uv":[7.625,12.0,7.375,11.75],"rotation":0,"texture":"#0","tintindex":0}}},{"from":[6.3554993,2.1781821,6.992038],"to":[8.069785,3.892468,8.134895],"rotation":{"angle":-22.5,"axis":"z","origin":[9.731601,5.4414773,8.932865]},"faces":{"south":{"uv":[11.25,1.375,11.625,1.75],"rotation":0,"texture":"#0","tintindex":0},"north":{"uv":[4.875,11.125,5.25,11.5],"rotation":0,"texture":"#0","tintindex":0},"down":{"uv":[12.125,2.0,11.75,2.25],"rotation":0,"texture":"#0","tintindex":0},"east":{"uv":[10.625,11.625,10.875,12.0],"rotation":0,"texture":"#0","tintindex":0},"west":{"uv":[11.75,1.125,12.0,1.5],"rotation":0,"texture":"#0","tintindex":0},"up":{"uv":[12.125,1.875,11.75,1.625],"rotation":0,"texture":"#0","tintindex":0}}}],"display":{"head":{"translation":[0.0,-6.4,0.0],"scale":[4.0,4.0,4.0]}}}