{"textures":{"0":"modelengine:entity/dwarf_huntsman"},"elements":[{"from":[6.5652647,6.9142857,6.2063236],"to":[9.422408,8.071428,9.063467],"rotation":{"angle":0.0,"axis":"y","origin":[9.136694,15.335536,6.4328647]},"faces":{"south":{"uv":[11.0,7.125,11.625,7.375],"rotation":0,"texture":"#0","tintindex":0},"north":{"uv":[11.0,6.375,11.625,6.625],"rotation":0,"texture":"#0","tintindex":0},"down":{"uv":[8.375,4.0,7.75,4.625],"rotation":0,"texture":"#0","tintindex":0},"east":{"uv":[11.0,6.75,11.625,7.0],"rotation":0,"texture":"#0","tintindex":0},"west":{"uv":[11.0,7.5,11.625,7.75],"rotation":0,"texture":"#0","tintindex":0},"up":{"uv":[8.375,1.375,7.75,0.75],"rotation":0,"texture":"#0","tintindex":0}}},{"from":[6.850979,5.2,5.9206095],"to":[9.136694,6.9142857,8.777752],"rotation":{"angle":0.0,"axis":"y","origin":[9.136694,15.335536,6.4328647]},"faces":{"south":{"uv":[10.375,8.25,10.875,8.625],"rotation":0,"texture":"#0","tintindex":0},"north":{"uv":[10.375,7.75,10.875,8.125],"rotation":0,"texture":"#0","tintindex":0},"down":{"uv":[9.125,4.375,8.625,5.0],"rotation":0,"texture":"#0","tintindex":0},"east":{"uv":[9.875,4.625,10.5,5.0],"rotation":0,"texture":"#0","tintindex":0},"west":{"uv":[10.25,5.125,10.875,5.5],"rotation":0,"texture":"#0","tintindex":0},"up":{"uv":[2.375,9.25,1.875,8.625],"rotation":0,"texture":"#0","tintindex":0}}},{"from":[6.850979,6.9142857,6.492038],"to":[9.136694,8.057143,8.777752],"rotation":{"angle":0.0,"axis":"y","origin":[9.136694,15.335536,6.4328647]},"faces":{"south":{"uv":[6.75,11.375,7.25,11.625],"rotation":0,"texture":"#0","tintindex":0},"north":{"uv":[11.25,9.25,11.75,9.5],"rotation":0,"texture":"#0","tintindex":0},"down":{"uv":[2.625,9.75,2.125,10.25],"rotation":0,"texture":"#0","tintindex":0},"east":{"uv":[4.25,11.375,4.75,11.625],"rotation":0,"texture":"#0","tintindex":0},"west":{"uv":[8.5,11.375,9.0,11.625],"rotation":0,"texture":"#0","tintindex":0},"up":{"uv":[10.25,2.0,9.75,1.5],"rotation":0,"texture":"#0","tintindex":0}}}],"display":{"head":{"translation":[0.0,-6.4,0.0],"scale":[4.0,4.0,4.0]}}}