{"textures":{"0":"modelengine:entity/dwarf_huntsman"},"elements":[{"from":[6.850979,5.1267858,6.3134665],"to":[9.136694,7.9839287,8.599181],"rotation":{"angle":0.0,"axis":"y","origin":[9.136694,12.405179,6.2542934]},"faces":{"south":{"uv":[6.0,8.5,6.5,9.125],"rotation":0,"texture":"#0","tintindex":0},"north":{"uv":[8.5,3.625,9.0,4.25],"rotation":0,"texture":"#0","tintindex":0},"down":{"uv":[3.75,9.625,3.25,10.125],"rotation":0,"texture":"#0","tintindex":0},"east":{"uv":[5.375,8.5,5.875,9.125],"rotation":0,"texture":"#0","tintindex":0},"west":{"uv":[6.625,8.5,7.125,9.125],"rotation":0,"texture":"#0","tintindex":0},"up":{"uv":[9.0,9.875,8.5,9.375],"rotation":0,"texture":"#0","tintindex":0}}}],"display":{"head":{"translation":[0.0,-6.4,0.0],"scale":[4.0,4.0,4.0]}}}