{"textures":{"0":"modelengine:entity/dwarf_huntsman"},"elements":[{"from":[6.758542,6.4207463,6.4149117],"to":[9.044256,8.135033,8.700626],"rotation":{"angle":0.0,"axis":"y","origin":[11.615685,9.69914,6.3557386]},"faces":{"south":{"uv":[6.75,10.375,7.25,10.75],"rotation":0,"texture":"#0","tintindex":0},"north":{"uv":[3.5,5.75,4.0,6.125],"rotation":0,"texture":"#0","tintindex":0},"down":{"uv":[1.125,9.75,0.625,10.25],"rotation":0,"texture":"#0","tintindex":0},"east":{"uv":[10.375,0.0,10.875,0.375],"rotation":0,"texture":"#0","tintindex":0},"west":{"uv":[10.375,6.75,10.875,7.125],"rotation":0,"texture":"#0","tintindex":0},"up":{"uv":[10.25,0.5,9.75,0.0],"rotation":0,"texture":"#0","tintindex":0}}},{"from":[6.758542,5.2778893,6.4149117],"to":[9.044256,6.4207463,8.700626],"rotation":{"angle":0.0,"axis":"y","origin":[11.615685,9.69914,6.3557386]},"faces":{"south":{"uv":[11.5,4.625,12.0,4.875],"rotation":0,"texture":"#0","tintindex":0},"north":{"uv":[0.0,11.5,0.5,11.75],"rotation":0,"texture":"#0","tintindex":0},"down":{"uv":[4.375,9.75,3.875,10.25],"rotation":0,"texture":"#0","tintindex":0},"east":{"uv":[1.25,11.5,1.75,11.75],"rotation":0,"texture":"#0","tintindex":0},"west":{"uv":[11.5,5.375,12.0,5.625],"rotation":0,"texture":"#0","tintindex":0},"up":{"uv":[10.25,4.125,9.75,3.625],"rotation":0,"texture":"#0","tintindex":0}}},{"from":[6.472828,6.4207463,6.1291976],"to":[9.329971,7.563604,8.9863405],"rotation":{"angle":0.0,"axis":"y","origin":[11.615685,9.69914,6.3557386]},"faces":{"south":{"uv":[11.0,5.0,11.625,5.25],"rotation":0,"texture":"#0","tintindex":0},"north":{"uv":[11.0,1.0,11.625,1.25],"rotation":0,"texture":"#0","tintindex":0},"down":{"uv":[8.375,0.0,7.75,0.625],"rotation":0,"texture":"#0","tintindex":0},"east":{"uv":[11.0,4.25,11.625,4.5],"rotation":0,"texture":"#0","tintindex":0},"west":{"uv":[11.0,6.0,11.625,6.25],"rotation":0,"texture":"#0","tintindex":0},"up":{"uv":[4.125,8.125,3.5,7.5],"rotation":0,"texture":"#0","tintindex":0}}},{"from":[7.187114,-3.5547438,5.8189726],"to":[8.9014,5.588114,6.96183],"rotation":{"angle":0.0,"axis":"y","origin":[8.044256,0.1350317,6.5332584]},"faces":{"south":{"uv":[3.0,5.75,3.375,7.75],"rotation":0,"texture":"#0","tintindex":0},"north":{"uv":[2.5,5.5,2.875,7.5],"rotation":0,"texture":"#0","tintindex":0},"down":{"uv":[12.125,3.125,11.75,3.375],"rotation":0,"texture":"#0","tintindex":0},"east":{"uv":[4.625,6.875,4.875,8.875],"rotation":0,"texture":"#0","tintindex":0},"west":{"uv":[5.0,7.0,5.25,9.0],"rotation":0,"texture":"#0","tintindex":0},"up":{"uv":[3.5,12.0,3.125,11.75],"rotation":0,"texture":"#0","tintindex":0}}},{"from":[1.4728274,-2.9833155,5.3904014],"to":[14.615685,7.3023996,5.3904014],"rotation":{"angle":-22.5,"axis":"x","origin":[8.044256,2.1595426,6.96183]},"faces":{"south":{"uv":[2.875,0.0,0.0,2.25],"rotation":0,"texture":"#0","tintindex":0},"north":{"uv":[0.0,0.0,2.875,2.25],"rotation":0,"texture":"#0","tintindex":0},"down":{"uv":[14.875,6.75,12.0,6.75],"rotation":0,"texture":"#0","tintindex":0},"east":{"uv":[6.125,11.75,6.125,14.0],"rotation":0,"texture":"#0","tintindex":0},"west":{"uv":[5.25,12.0,5.25,14.25],"rotation":0,"texture":"#0","tintindex":0},"up":{"uv":[14.625,2.75,11.75,2.75],"rotation":0,"texture":"#0","tintindex":0}}},{"from":[5.758542,-4.126172,6.3904014],"to":[10.329971,-2.9833155,7.533259],"rotation":{"angle":0.0,"axis":"y","origin":[8.044256,0.1350317,6.5332584]},"faces":{"south":{"uv":[9.875,0.625,10.875,0.875],"rotation":0,"texture":"#0","tintindex":0},"north":{"uv":[9.75,9.75,10.75,10.0],"rotation":0,"texture":"#0","tintindex":0},"down":{"uv":[10.875,4.25,9.875,4.5],"rotation":0,"texture":"#0","tintindex":0},"east":{"uv":[11.75,7.75,12.0,8.0],"rotation":0,"texture":"#0","tintindex":0},"west":{"uv":[11.75,8.125,12.0,8.375],"rotation":0,"texture":"#0","tintindex":0},"up":{"uv":[10.875,1.25,9.875,1.0],"rotation":0,"texture":"#0","tintindex":0}}},{"from":[6.012567,-4.494338,6.676116],"to":[9.441138,-3.3514814,7.2475443],"rotation":{"angle":-45.0,"axis":"z","origin":[8.044256,0.1350317,6.5332584]},"faces":{"south":{"uv":[10.625,5.625,11.375,5.875],"rotation":0,"texture":"#0","tintindex":0},"north":{"uv":[5.5,10.625,6.25,10.875],"rotation":0,"texture":"#0","tintindex":0},"down":{"uv":[12.5,3.5,11.75,3.625],"rotation":0,"texture":"#0","tintindex":0},"east":{"uv":[3.5,10.875,3.625,11.125],"rotation":0,"texture":"#0","tintindex":0},"west":{"uv":[0.75,11.125,0.875,11.375],"rotation":0,"texture":"#0","tintindex":0},"up":{"uv":[12.25,9.125,11.5,9.0],"rotation":0,"texture":"#0","tintindex":0}}},{"from":[0.71372604,-2.036541,6.676116],"to":[4.1422977,-0.89368343,7.2475443],"rotation":{"angle":0.0,"axis":"y","origin":[8.044256,0.1350317,6.5332584]},"faces":{"south":{"uv":[9.75,10.75,10.5,11.0],"rotation":0,"texture":"#0","tintindex":0},"north":{"uv":[8.0,10.75,8.75,11.0],"rotation":0,"texture":"#0","tintindex":0},"down":{"uv":[12.5,4.0,11.75,4.125],"rotation":0,"texture":"#0","tintindex":0},"east":{"uv":[12.125,5.25,12.25,5.5],"rotation":0,"texture":"#0","tintindex":0},"west":{"uv":[7.0,12.125,7.125,12.375],"rotation":0,"texture":"#0","tintindex":0},"up":{"uv":[12.5,3.875,11.75,3.75],"rotation":0,"texture":"#0","tintindex":0}}},{"from":[7.472828,3.485867,2.1722708],"to":[8.615685,6.9144387,3.3151283],"rotation":{"angle":45.0,"axis":"x","origin":[8.044256,0.1350317,6.5332584]},"faces":{"south":{"uv":[10.875,1.375,11.125,2.125],"rotation":0,"texture":"#0","tintindex":0},"north":{"uv":[6.375,10.625,6.625,11.375],"rotation":0,"texture":"#0","tintindex":0},"down":{"uv":[12.0,10.75,11.75,11.0],"rotation":0,"texture":"#0","tintindex":0},"east":{"uv":[10.625,10.75,10.875,11.5],"rotation":0,"texture":"#0","tintindex":0},"west":{"uv":[10.875,2.25,11.125,3.0],"rotation":0,"texture":"#0","tintindex":0},"up":{"uv":[8.75,12.0,8.5,11.75],"rotation":0,"texture":"#0","tintindex":0}}},{"from":[7.187114,-3.5547438,5.2475443],"to":[7.758542,-0.12617207,5.8189726],"rotation":{"angle":0.0,"axis":"y","origin":[8.044256,0.1350317,6.5332584]},"faces":{"south":{"uv":[4.5,11.75,4.625,12.5],"rotation":0,"texture":"#0","tintindex":0},"north":{"uv":[10.125,11.5,10.25,12.25],"rotation":0,"texture":"#0","tintindex":0},"down":{"uv":[12.375,0.5,12.25,0.625],"rotation":0,"texture":"#0","tintindex":0},"east":{"uv":[4.25,11.75,4.375,12.5],"rotation":0,"texture":"#0","tintindex":0},"west":{"uv":[5.375,11.75,5.5,12.5],"rotation":0,"texture":"#0","tintindex":0},"up":{"uv":[12.375,0.375,12.25,0.25],"rotation":0,"texture":"#0","tintindex":0}}},{"from":[8.32997,-3.5547438,5.2475443],"to":[8.9014,-0.12617207,5.8189726],"rotation":{"angle":0.0,"axis":"y","origin":[8.044256,0.1350317,6.5332584]},"faces":{"south":{"uv":[11.75,6.0,11.875,6.75],"rotation":0,"texture":"#0","tintindex":0},"north":{"uv":[5.625,11.75,5.75,12.5],"rotation":0,"texture":"#0","tintindex":0},"down":{"uv":[1.25,12.25,1.125,12.375],"rotation":0,"texture":"#0","tintindex":0},"east":{"uv":[5.875,11.75,6.0,12.5],"rotation":0,"texture":"#0","tintindex":0},"west":{"uv":[6.75,11.75,6.875,12.5],"rotation":0,"texture":"#0","tintindex":0},"up":{"uv":[12.375,0.875,12.25,0.75],"rotation":0,"texture":"#0","tintindex":0}}},{"from":[7.758542,-4.6976004,5.2475443],"to":[8.32997,2.7309709,5.8189726],"rotation":{"angle":0.0,"axis":"y","origin":[8.044256,0.1350317,6.5332584]},"faces":{"south":{"uv":[3.75,10.375,3.875,12.0],"rotation":0,"texture":"#0","tintindex":0},"north":{"uv":[1.0,10.375,1.125,12.0],"rotation":0,"texture":"#0","tintindex":0},"down":{"uv":[12.375,1.625,12.25,1.75],"rotation":0,"texture":"#0","tintindex":0},"east":{"uv":[2.375,10.375,2.5,12.0],"rotation":0,"texture":"#0","tintindex":0},"west":{"uv":[4.0,10.375,4.125,12.0],"rotation":0,"texture":"#0","tintindex":0},"up":{"uv":[1.5,12.375,1.375,12.25],"rotation":0,"texture":"#0","tintindex":0}}},{"from":[8.044256,-6.411886,4.676116],"to":[8.044256,-3.5547438,6.96183],"rotation":{"angle":0.0,"axis":"y","origin":[8.044256,0.1350317,6.5332584]},"faces":{"south":{"uv":[11.25,12.25,11.25,12.875],"rotation":0,"texture":"#0","tintindex":0},"north":{"uv":[11.125,12.25,11.125,12.875],"rotation":0,"texture":"#0","tintindex":0},"down":{"uv":[11.5,12.25,11.5,12.75],"rotation":0,"texture":"#0","tintindex":0},"east":{"uv":[8.75,2.125,9.25,2.75],"rotation":0,"texture":"#0","tintindex":0},"west":{"uv":[9.25,2.125,8.75,2.75],"rotation":0,"texture":"#0","tintindex":0},"up":{"uv":[11.375,12.75,11.375,12.25],"rotation":0,"texture":"#0","tintindex":0}}},{"from":[6.615685,1.5881138,5.5332584],"to":[9.472828,4.4452567,5.5332584],"rotation":{"angle":0.0,"axis":"y","origin":[8.044256,0.1350317,6.5332584]},"faces":{"south":{"uv":[7.625,7.75,8.25,8.375],"rotation":0,"texture":"#0","tintindex":0},"north":{"uv":[6.875,7.75,7.5,8.375],"rotation":0,"texture":"#0","tintindex":0},"down":{"uv":[7.5,4.75,6.875,4.75],"rotation":0,"texture":"#0","tintindex":0},"east":{"uv":[11.625,12.25,11.625,12.875],"rotation":0,"texture":"#0","tintindex":0},"west":{"uv":[11.75,12.25,11.75,12.875],"rotation":0,"texture":"#0","tintindex":0},"up":{"uv":[5.125,3.375,4.5,3.375],"rotation":0,"texture":"#0","tintindex":0}}},{"from":[2.9925847,-0.32335186,6.104687],"to":[4.135442,0.8195052,6.676116],"rotation":{"angle":22.5,"axis":"z","origin":[8.044256,0.1350317,6.5332584]},"faces":{"south":{"uv":[0.0,11.875,0.25,12.125],"rotation":0,"texture":"#0","tintindex":0},"north":{"uv":[11.75,11.125,12.0,11.375],"rotation":0,"texture":"#0","tintindex":0},"down":{"uv":[12.375,7.75,12.125,7.875],"rotation":0,"texture":"#0","tintindex":0},"east":{"uv":[7.25,12.125,7.375,12.375],"rotation":0,"texture":"#0","tintindex":0},"west":{"uv":[12.125,7.375,12.25,7.625],"rotation":0,"texture":"#0","tintindex":0},"up":{"uv":[12.375,4.875,12.125,4.75],"rotation":0,"texture":"#0","tintindex":0}}},{"from":[5.615685,-4.411886,6.104687],"to":[6.187114,-2.6976004,7.818973],"rotation":{"angle":0.0,"axis":"y","origin":[8.044256,0.1350317,6.5332584]},"faces":{"south":{"uv":[6.625,1.5,6.75,1.875],"rotation":0,"texture":"#0","tintindex":0},"north":{"uv":[2.25,6.375,2.375,6.75],"rotation":0,"texture":"#0","tintindex":0},"down":{"uv":[4.375,10.375,4.25,10.75],"rotation":0,"texture":"#0","tintindex":0},"east":{"uv":[11.25,1.875,11.625,2.25],"rotation":0,"texture":"#0","tintindex":0},"west":{"uv":[11.25,2.375,11.625,2.75],"rotation":0,"texture":"#0","tintindex":0},"up":{"uv":[2.0,10.25,1.875,9.875],"rotation":0,"texture":"#0","tintindex":0}}},{"from":[2.9925847,-0.32335186,7.2475443],"to":[4.135442,0.8195052,7.818973],"rotation":{"angle":22.5,"axis":"z","origin":[8.044256,0.1350317,6.5332584]},"faces":{"south":{"uv":[11.875,9.25,12.125,9.5],"rotation":0,"texture":"#0","tintindex":0},"north":{"uv":[1.25,11.875,1.5,12.125],"rotation":0,"texture":"#0","tintindex":0},"down":{"uv":[8.75,12.125,8.5,12.25],"rotation":0,"texture":"#0","tintindex":0},"east":{"uv":[7.5,12.125,7.625,12.375],"rotation":0,"texture":"#0","tintindex":0},"west":{"uv":[12.125,8.0,12.25,8.25],"rotation":0,"texture":"#0","tintindex":0},"up":{"uv":[12.375,8.5,12.125,8.375],"rotation":0,"texture":"#0","tintindex":0}}},{"from":[11.953072,-0.32335186,7.2475443],"to":[13.095928,0.8195052,7.818973],"rotation":{"angle":-22.5,"axis":"z","origin":[8.044256,0.1350317,6.5332584]},"faces":{"south":{"uv":[11.0,11.875,11.25,12.125],"rotation":0,"texture":"#0","tintindex":0},"north":{"uv":[9.5,11.875,9.75,12.125],"rotation":0,"texture":"#0","tintindex":0},"down":{"uv":[12.375,10.25,12.125,10.375],"rotation":0,"texture":"#0","tintindex":0},"east":{"uv":[12.125,8.625,12.25,8.875],"rotation":0,"texture":"#0","tintindex":0},"west":{"uv":[12.125,9.625,12.25,9.875],"rotation":0,"texture":"#0","tintindex":0},"up":{"uv":[12.375,10.125,12.125,10.0],"rotation":0,"texture":"#0","tintindex":0}}},{"from":[9.9014,-4.411886,6.104687],"to":[10.472828,-2.6976004,7.818973],"rotation":{"angle":0.0,"axis":"y","origin":[8.044256,0.1350317,6.5332584]},"faces":{"south":{"uv":[0.375,11.875,0.5,12.25],"rotation":0,"texture":"#0","tintindex":0},"north":{"uv":[8.875,11.75,9.0,12.125],"rotation":0,"texture":"#0","tintindex":0},"down":{"uv":[10.0,11.875,9.875,12.25],"rotation":0,"texture":"#0","tintindex":0},"east":{"uv":[2.625,11.25,3.0,11.625],"rotation":0,"texture":"#0","tintindex":0},"west":{"uv":[3.125,11.25,3.5,11.625],"rotation":0,"texture":"#0","tintindex":0},"up":{"uv":[1.75,12.25,1.625,11.875],"rotation":0,"texture":"#0","tintindex":0}}},{"from":[11.953072,-0.32335186,6.104687],"to":[13.095928,0.8195052,6.676116],"rotation":{"angle":-22.5,"axis":"z","origin":[8.044256,0.1350317,6.5332584]},"faces":{"south":{"uv":[11.75,11.875,12.0,12.125],"rotation":0,"texture":"#0","tintindex":0},"north":{"uv":[11.375,11.875,11.625,12.125],"rotation":0,"texture":"#0","tintindex":0},"down":{"uv":[12.375,11.125,12.125,11.25],"rotation":0,"texture":"#0","tintindex":0},"east":{"uv":[12.125,10.5,12.25,10.75],"rotation":0,"texture":"#0","tintindex":0},"west":{"uv":[10.625,12.125,10.75,12.375],"rotation":0,"texture":"#0","tintindex":0},"up":{"uv":[12.375,11.0,12.125,10.875],"rotation":0,"texture":"#0","tintindex":0}}},{"from":[11.946215,-2.036541,6.676116],"to":[15.374786,-0.89368343,7.2475443],"rotation":{"angle":0.0,"axis":"y","origin":[8.044256,0.1350317,6.5332584]},"faces":{"south":{"uv":[10.875,3.125,11.625,3.375],"rotation":0,"texture":"#0","tintindex":0},"north":{"uv":[2.625,10.875,3.375,11.125],"rotation":0,"texture":"#0","tintindex":0},"down":{"uv":[12.5,5.0,11.75,5.125],"rotation":0,"texture":"#0","tintindex":0},"east":{"uv":[12.125,11.375,12.25,11.625],"rotation":0,"texture":"#0","tintindex":0},"west":{"uv":[12.125,11.75,12.25,12.0],"rotation":0,"texture":"#0","tintindex":0},"up":{"uv":[12.5,4.375,11.75,4.25],"rotation":0,"texture":"#0","tintindex":0}}},{"from":[6.647374,-4.494338,6.676116],"to":[10.075946,-3.3514814,7.2475443],"rotation":{"angle":45.0,"axis":"z","origin":[8.044256,0.1350317,6.5332584]},"faces":{"south":{"uv":[10.875,3.875,11.625,4.125],"rotation":0,"texture":"#0","tintindex":0},"north":{"uv":[10.875,3.5,11.625,3.75],"rotation":0,"texture":"#0","tintindex":0},"down":{"uv":[12.5,7.125,11.75,7.25],"rotation":0,"texture":"#0","tintindex":0},"east":{"uv":[12.125,12.125,12.25,12.375],"rotation":0,"texture":"#0","tintindex":0},"west":{"uv":[0.0,12.25,0.125,12.5],"rotation":0,"texture":"#0","tintindex":0},"up":{"uv":[12.5,7.0,11.75,6.875],"rotation":0,"texture":"#0","tintindex":0}}},{"from":[6.044256,-8.126173,6.96183],"to":[10.044256,-4.126172,6.96183],"rotation":{"angle":0.0,"axis":"y","origin":[8.044256,0.1350317,6.5332584]},"faces":{"south":{"uv":[5.625,1.0,6.5,1.875],"rotation":0,"texture":"#0","tintindex":0},"north":{"uv":[5.625,0.0,6.5,0.875],"rotation":0,"texture":"#0","tintindex":0},"down":{"uv":[3.25,12.375,2.375,12.375],"rotation":0,"texture":"#0","tintindex":0},"east":{"uv":[11.875,12.25,11.875,13.125],"rotation":0,"texture":"#0","tintindex":0},"west":{"uv":[12.0,12.25,12.0,13.125],"rotation":0,"texture":"#0","tintindex":0},"up":{"uv":[13.125,9.5,12.25,9.5],"rotation":0,"texture":"#0","tintindex":0}}},{"from":[7.187114,-6.411886,5.5332584],"to":[9.472828,-3.5547438,5.5332584],"rotation":{"angle":0.0,"axis":"y","origin":[8.044256,0.1350317,6.5332584]},"faces":{"south":{"uv":[9.25,5.125,8.75,5.75],"rotation":0,"texture":"#0","tintindex":0},"north":{"uv":[8.75,5.125,9.25,5.75],"rotation":0,"texture":"#0","tintindex":0},"down":{"uv":[7.75,6.875,7.25,6.875],"rotation":0,"texture":"#0","tintindex":0},"east":{"uv":[3.625,12.375,3.625,13.0],"rotation":0,"texture":"#0","tintindex":0},"west":{"uv":[3.75,12.375,3.75,13.0],"rotation":0,"texture":"#0","tintindex":0},"up":{"uv":[7.125,6.125,6.625,6.125],"rotation":0,"texture":"#0","tintindex":0}}},{"from":[8.044256,1.5881138,4.104687],"to":[8.044256,4.4452567,6.96183],"rotation":{"angle":0.0,"axis":"y","origin":[8.044256,0.1350317,6.5332584]},"faces":{"south":{"uv":[4.0,12.375,4.0,13.0],"rotation":0,"texture":"#0","tintindex":0},"north":{"uv":[3.875,12.375,3.875,13.0],"rotation":0,"texture":"#0","tintindex":0},"down":{"uv":[8.5,12.375,8.5,13.0],"rotation":0,"texture":"#0","tintindex":0},"east":{"uv":[1.5,7.875,2.125,8.5],"rotation":0,"texture":"#0","tintindex":0},"west":{"uv":[2.25,7.875,2.875,8.5],"rotation":0,"texture":"#0","tintindex":0},"up":{"uv":[4.125,13.0,4.125,12.375],"rotation":0,"texture":"#0","tintindex":0}}}],"display":{"head":{"translation":[0.0,-6.4,0.0],"scale":[4.0,4.0,4.0]}}}