{"textures":{"0":"modelengine:entity/dwarf_huntsman"},"elements":[{"from":[6.5652647,6.9142857,6.2063236],"to":[9.422408,8.071428,9.063467],"rotation":{"angle":0.0,"axis":"y","origin":[6.850979,15.335536,6.4328647]},"faces":{"south":{"uv":[9.625,11.125,10.25,11.375],"rotation":0,"texture":"#0","tintindex":0},"north":{"uv":[0.0,11.125,0.625,11.375],"rotation":0,"texture":"#0","tintindex":0},"down":{"uv":[8.625,5.5,8.0,6.125],"rotation":0,"texture":"#0","tintindex":0},"east":{"uv":[7.75,11.125,8.375,11.375],"rotation":0,"texture":"#0","tintindex":0},"west":{"uv":[11.0,11.125,11.625,11.375],"rotation":0,"texture":"#0","tintindex":0},"up":{"uv":[8.625,3.5,8.0,2.875],"rotation":0,"texture":"#0","tintindex":0}}},{"from":[6.850979,5.2,5.9206095],"to":[9.136694,6.9142857,8.777752],"rotation":{"angle":0.0,"axis":"y","origin":[6.850979,15.335536,6.4328647]},"faces":{"south":{"uv":[1.25,11.0,1.75,11.375],"rotation":0,"texture":"#0","tintindex":0},"north":{"uv":[11.0,0.5,11.5,0.875],"rotation":0,"texture":"#0","tintindex":0},"down":{"uv":[9.75,0.75,9.25,1.375],"rotation":0,"texture":"#0","tintindex":0},"east":{"uv":[10.25,6.25,10.875,6.625],"rotation":0,"texture":"#0","tintindex":0},"west":{"uv":[10.25,7.25,10.875,7.625],"rotation":0,"texture":"#0","tintindex":0},"up":{"uv":[9.625,9.75,9.125,9.125],"rotation":0,"texture":"#0","tintindex":0}}},{"from":[6.850979,6.9142857,6.492038],"to":[9.136694,8.057143,8.777752],"rotation":{"angle":0.0,"axis":"y","origin":[6.850979,15.335536,6.4328647]},"faces":{"south":{"uv":[11.625,0.0,12.125,0.25],"rotation":0,"texture":"#0","tintindex":0},"north":{"uv":[11.5,10.375,12.0,10.625],"rotation":0,"texture":"#0","tintindex":0},"down":{"uv":[10.75,2.125,10.25,2.625],"rotation":0,"texture":"#0","tintindex":0},"east":{"uv":[11.0,11.5,11.5,11.75],"rotation":0,"texture":"#0","tintindex":0},"west":{"uv":[11.625,0.375,12.125,0.625],"rotation":0,"texture":"#0","tintindex":0},"up":{"uv":[10.25,10.625,9.75,10.125],"rotation":0,"texture":"#0","tintindex":0}}}],"display":{"head":{"translation":[0.0,-6.4,0.0],"scale":[4.0,4.0,4.0]}}}