{"textures":{"0":"modelengine:entity/dwarf_huntsman"},"elements":[{"from":[6.657702,6.4207463,6.1291976],"to":[9.514845,7.563604,8.9863405],"rotation":{"angle":0.0,"axis":"y","origin":[4.3719873,9.69914,6.3557386]},"faces":{"south":{"uv":[8.875,11.0,9.5,11.25],"rotation":0,"texture":"#0","tintindex":0},"north":{"uv":[11.0,7.875,11.625,8.125],"rotation":0,"texture":"#0","tintindex":0},"down":{"uv":[8.625,2.125,8.0,2.75],"rotation":0,"texture":"#0","tintindex":0},"east":{"uv":[11.0,8.25,11.625,8.5],"rotation":0,"texture":"#0","tintindex":0},"west":{"uv":[11.0,10.75,11.625,11.0],"rotation":0,"texture":"#0","tintindex":0},"up":{"uv":[8.5,5.375,7.875,4.75],"rotation":0,"texture":"#0","tintindex":0}}},{"from":[6.943416,6.4207463,6.4149117],"to":[9.229131,8.135033,8.700626],"rotation":{"angle":0.0,"axis":"y","origin":[4.3719873,9.69914,6.3557386]},"faces":{"south":{"uv":[10.875,8.75,11.375,9.125],"rotation":0,"texture":"#0","tintindex":0},"north":{"uv":[4.25,10.875,4.75,11.25],"rotation":0,"texture":"#0","tintindex":0},"down":{"uv":[5.375,10.0,4.875,10.5],"rotation":0,"texture":"#0","tintindex":0},"east":{"uv":[6.75,10.875,7.25,11.25],"rotation":0,"texture":"#0","tintindex":0},"west":{"uv":[10.875,9.75,11.375,10.125],"rotation":0,"texture":"#0","tintindex":0},"up":{"uv":[9.625,10.375,9.125,9.875],"rotation":0,"texture":"#0","tintindex":0}}},{"from":[6.943416,5.2778893,6.4149117],"to":[9.229131,6.4207463,8.700626],"rotation":{"angle":0.0,"axis":"y","origin":[4.3719873,9.69914,6.3557386]},"faces":{"south":{"uv":[11.5,9.625,12.0,9.875],"rotation":0,"texture":"#0","tintindex":0},"north":{"uv":[11.5,8.625,12.0,8.875],"rotation":0,"texture":"#0","tintindex":0},"down":{"uv":[7.875,9.875,7.375,10.375],"rotation":0,"texture":"#0","tintindex":0},"east":{"uv":[9.5,11.5,10.0,11.75],"rotation":0,"texture":"#0","tintindex":0},"west":{"uv":[11.5,10.0,12.0,10.25],"rotation":0,"texture":"#0","tintindex":0},"up":{"uv":[1.75,10.375,1.25,9.875],"rotation":0,"texture":"#0","tintindex":0}}}],"display":{"head":{"translation":[0.0,-6.4,0.0],"scale":[4.0,4.0,4.0]}}}