{"textures":{"0":"modelengine:entity/dwarf_huntsman"},"elements":[{"from":[6.850979,5.1267858,6.3134665],"to":[9.136694,7.9839287,8.599181],"rotation":{"angle":0.0,"axis":"y","origin":[6.850979,12.405179,6.2542934]},"faces":{"south":{"uv":[5.5,9.25,6.0,9.875],"rotation":0,"texture":"#0","tintindex":0},"north":{"uv":[9.25,4.375,9.75,5.0],"rotation":0,"texture":"#0","tintindex":0},"down":{"uv":[3.625,10.25,3.125,10.75],"rotation":0,"texture":"#0","tintindex":0},"east":{"uv":[4.875,9.25,5.375,9.875],"rotation":0,"texture":"#0","tintindex":0},"west":{"uv":[6.125,9.25,6.625,9.875],"rotation":0,"texture":"#0","tintindex":0},"up":{"uv":[10.75,3.25,10.25,2.75],"rotation":0,"texture":"#0","tintindex":0}}}],"display":{"head":{"translation":[0.0,-6.4,0.0],"scale":[4.0,4.0,4.0]}}}