{"textures":{"0":"modelengine:entity/dwarf_huntsman"},"elements":[{"from":[7.9178877,4.4638968,6.992038],"to":[9.632174,7.3210397,8.134895],"rotation":{"angle":22.5,"axis":"z","origin":[6.256072,5.4414773,8.932865]},"faces":{"south":{"uv":[10.375,1.375,10.75,2.0],"rotation":0,"texture":"#0","tintindex":0},"north":{"uv":[0.5,10.375,0.875,11.0],"rotation":0,"texture":"#0","tintindex":0},"down":{"uv":[12.125,0.75,11.75,1.0],"rotation":0,"texture":"#0","tintindex":0},"east":{"uv":[4.25,7.5,4.5,8.125],"rotation":0,"texture":"#0","tintindex":0},"west":{"uv":[5.5,11.0,5.75,11.625],"rotation":0,"texture":"#0","tintindex":0},"up":{"uv":[12.0,11.75,11.625,11.5],"rotation":0,"texture":"#0","tintindex":0}}},{"from":[8.203602,3.892468,6.992038],"to":[9.346459,4.4638968,8.134895],"rotation":{"angle":22.5,"axis":"z","origin":[6.256072,5.4414773,8.932865]},"faces":{"south":{"uv":[2.375,12.125,2.625,12.25],"rotation":0,"texture":"#0","tintindex":0},"north":{"uv":[9.125,12.0,9.375,12.125],"rotation":0,"texture":"#0","tintindex":0},"down":{"uv":[7.25,11.75,7.0,12.0],"rotation":0,"texture":"#0","tintindex":0},"east":{"uv":[12.125,1.375,12.375,1.5],"rotation":0,"texture":"#0","tintindex":0},"west":{"uv":[2.75,12.125,3.0,12.25],"rotation":0,"texture":"#0","tintindex":0},"up":{"uv":[2.375,9.625,2.125,9.375],"rotation":0,"texture":"#0","tintindex":0}}},{"from":[7.9178877,2.1781821,6.992038],"to":[9.632174,3.892468,8.134895],"rotation":{"angle":22.5,"axis":"z","origin":[6.256072,5.4414773,8.932865]},"faces":{"south":{"uv":[1.875,11.125,2.25,11.5],"rotation":0,"texture":"#0","tintindex":0},"north":{"uv":[2.5,8.625,2.875,9.0],"rotation":0,"texture":"#0","tintindex":0},"down":{"uv":[5.25,11.625,4.875,11.875],"rotation":0,"texture":"#0","tintindex":0},"east":{"uv":[5.25,4.125,5.5,4.5],"rotation":0,"texture":"#0","tintindex":0},"west":{"uv":[3.25,9.125,3.5,9.5],"rotation":0,"texture":"#0","tintindex":0},"up":{"uv":[2.25,11.875,1.875,11.625],"rotation":0,"texture":"#0","tintindex":0}}}],"display":{"head":{"translation":[0.0,-6.4,0.0],"scale":[4.0,4.0,4.0]}}}