{"textures":{"0":"modelengine:entity/dwarf_huntsman"},"elements":[{"from":[7.5776873,6.102291,6.1120505],"to":[9.863401,8.388005,8.969193],"rotation":{"angle":0.0,"axis":"y","origin":[4.720544,6.8092556,6.338591]},"faces":{"south":{"uv":[8.0,10.0,8.5,10.5],"rotation":0,"texture":"#0","tintindex":0},"north":{"uv":[6.125,10.0,6.625,10.5],"rotation":0,"texture":"#0","tintindex":0},"down":{"uv":[9.625,8.375,9.125,9.0],"rotation":0,"texture":"#0","tintindex":0},"east":{"uv":[9.0,1.5,9.625,2.0],"rotation":0,"texture":"#0","tintindex":0},"west":{"uv":[2.5,9.125,3.125,9.625],"rotation":0,"texture":"#0","tintindex":0},"up":{"uv":[9.625,4.25,9.125,3.625],"rotation":0,"texture":"#0","tintindex":0}}},{"from":[6.7205443,7.6326127,5.6222467],"to":[9.006259,9.346898,9.050818],"rotation":{"angle":-22.5,"axis":"x","origin":[6.1491156,8.489756,7.3365326]},"faces":{"south":{"uv":[11.0,0.0,11.5,0.375],"rotation":0,"texture":"#0","tintindex":0},"north":{"uv":[10.875,10.25,11.375,10.625],"rotation":0,"texture":"#0","tintindex":0},"down":{"uv":[9.0,0.0,8.5,0.75],"rotation":0,"texture":"#0","tintindex":0},"east":{"uv":[9.375,5.125,10.125,5.5],"rotation":0,"texture":"#0","tintindex":0},"west":{"uv":[9.375,6.25,10.125,6.625],"rotation":0,"texture":"#0","tintindex":0},"up":{"uv":[8.875,8.5,8.375,7.75],"rotation":0,"texture":"#0","tintindex":0}}},{"from":[9.006259,9.346898,5.6222467],"to":[9.006259,11.061184,9.050818],"rotation":{"angle":-22.5,"axis":"x","origin":[6.1491156,8.489756,7.3365326]},"faces":{"south":{"uv":[3.125,9.75,3.125,10.125],"rotation":0,"texture":"#0","tintindex":0},"north":{"uv":[9.625,7.875,9.625,8.25],"rotation":0,"texture":"#0","tintindex":0},"down":{"uv":[8.75,12.375,8.75,13.125],"rotation":0,"texture":"#0","tintindex":0},"east":{"uv":[7.625,9.375,8.375,9.75],"rotation":0,"texture":"#0","tintindex":0},"west":{"uv":[9.5,6.75,10.25,7.125],"rotation":0,"texture":"#0","tintindex":0},"up":{"uv":[8.625,13.125,8.625,12.375],"rotation":0,"texture":"#0","tintindex":0}}},{"from":[7.291973,5.2451477,6.3977647],"to":[9.577687,8.102291,8.683479],"rotation":{"angle":0.0,"axis":"y","origin":[4.720544,6.8092556,6.338591]},"faces":{"south":{"uv":[9.0,7.625,9.5,8.25],"rotation":0,"texture":"#0","tintindex":0},"north":{"uv":[8.875,6.875,9.375,7.5],"rotation":0,"texture":"#0","tintindex":0},"down":{"uv":[10.5,5.625,10.0,6.125],"rotation":0,"texture":"#0","tintindex":0},"east":{"uv":[4.25,9.0,4.75,9.625],"rotation":0,"texture":"#0","tintindex":0},"west":{"uv":[9.125,0.0,9.625,0.625],"rotation":0,"texture":"#0","tintindex":0},"up":{"uv":[6.0,10.5,5.5,10.0],"rotation":0,"texture":"#0","tintindex":0}}}],"display":{"head":{"translation":[0.0,-6.4,0.0],"scale":[4.0,4.0,4.0]}}}