{"textures":{"0":"modelengine:entity/dwarf_huntsman"},"elements":[{"from":[5.708122,7.8637843,6.055582],"to":[10.279551,10.720927,8.912725],"rotation":{"angle":0.0,"axis":"y","origin":[7.9938364,12.285034,6.2678375]},"faces":{"south":{"uv":[6.125,6.25,7.125,6.875],"rotation":0,"texture":"#0","tintindex":0},"north":{"uv":[5.0,6.25,6.0,6.875],"rotation":0,"texture":"#0","tintindex":0},"down":{"uv":[2.125,6.375,1.125,7.0],"rotation":0,"texture":"#0","tintindex":0},"east":{"uv":[1.75,7.125,2.375,7.75],"rotation":0,"texture":"#0","tintindex":0},"west":{"uv":[7.25,6.125,7.875,6.75],"rotation":0,"texture":"#0","tintindex":0},"up":{"uv":[1.0,7.0,0.0,6.375],"rotation":0,"texture":"#0","tintindex":0}}},{"from":[5.4224076,7.87807,5.755582],"to":[10.565265,9.020927,9.184154],"rotation":{"angle":0.0,"axis":"y","origin":[7.9938364,12.285034,6.2678375]},"faces":{"south":{"uv":[0.0,9.375,1.125,9.625],"rotation":0,"texture":"#0","tintindex":0},"north":{"uv":[8.75,5.875,9.875,6.125],"rotation":0,"texture":"#0","tintindex":0},"down":{"uv":[2.375,5.5,1.25,6.25],"rotation":0,"texture":"#0","tintindex":0},"east":{"uv":[10.375,9.375,11.125,9.625],"rotation":0,"texture":"#0","tintindex":0},"west":{"uv":[10.625,4.625,11.375,4.875],"rotation":0,"texture":"#0","tintindex":0},"up":{"uv":[1.125,6.25,0.0,5.5],"rotation":0,"texture":"#0","tintindex":0}}},{"from":[5.4224076,5.5923553,5.755582],"to":[10.565265,7.87807,5.755582],"rotation":{"angle":0.0,"axis":"y","origin":[7.9938364,12.285034,6.2678375]},"faces":{"south":{"uv":[6.625,5.5,7.75,6.0],"rotation":0,"texture":"#0","tintindex":0},"north":{"uv":[6.625,4.875,7.75,5.375],"rotation":0,"texture":"#0","tintindex":0},"down":{"uv":[13.375,3.125,12.25,3.125],"rotation":0,"texture":"#0","tintindex":0},"east":{"uv":[5.375,11.125,5.375,11.625],"rotation":0,"texture":"#0","tintindex":0},"west":{"uv":[9.125,12.25,9.125,12.75],"rotation":0,"texture":"#0","tintindex":0},"up":{"uv":[13.375,2.625,12.25,2.625],"rotation":0,"texture":"#0","tintindex":0}}},{"from":[5.4224076,5.5923553,9.184154],"to":[10.565265,7.87807,9.184154],"rotation":{"angle":0.0,"axis":"y","origin":[7.9938364,12.285034,6.2678375]},"faces":{"south":{"uv":[6.875,1.5,8.0,2.0],"rotation":0,"texture":"#0","tintindex":0},"north":{"uv":[6.75,3.375,7.875,3.875],"rotation":0,"texture":"#0","tintindex":0},"down":{"uv":[13.375,3.375,12.25,3.375],"rotation":0,"texture":"#0","tintindex":0},"east":{"uv":[9.25,12.25,9.25,12.75],"rotation":0,"texture":"#0","tintindex":0},"west":{"uv":[9.375,12.25,9.375,12.75],"rotation":0,"texture":"#0","tintindex":0},"up":{"uv":[13.375,3.25,12.25,3.25],"rotation":0,"texture":"#0","tintindex":0}}},{"from":[5.4224076,5.5923553,5.755582],"to":[5.4224076,7.87807,9.184154],"rotation":{"angle":0.0,"axis":"y","origin":[7.9938364,12.285034,6.2678375]},"faces":{"south":{"uv":[9.625,12.25,9.625,12.75],"rotation":0,"texture":"#0","tintindex":0},"north":{"uv":[9.5,12.25,9.5,12.75],"rotation":0,"texture":"#0","tintindex":0},"down":{"uv":[10.375,12.25,10.375,13.0],"rotation":0,"texture":"#0","tintindex":0},"east":{"uv":[7.125,2.75,7.875,3.25],"rotation":0,"texture":"#0","tintindex":0},"west":{"uv":[8.0,7.125,8.75,7.625],"rotation":0,"texture":"#0","tintindex":0},"up":{"uv":[9.75,13.0,9.75,12.25],"rotation":0,"texture":"#0","tintindex":0}}},{"from":[10.565265,5.5923553,5.755582],"to":[10.565265,7.87807,9.184154],"rotation":{"angle":0.0,"axis":"y","origin":[7.9938364,12.285034,6.2678375]},"faces":{"south":{"uv":[0.75,12.375,0.75,12.875],"rotation":0,"texture":"#0","tintindex":0},"north":{"uv":[0.625,12.375,0.625,12.875],"rotation":0,"texture":"#0","tintindex":0},"down":{"uv":[1.0,12.375,1.0,13.125],"rotation":0,"texture":"#0","tintindex":0},"east":{"uv":[8.125,1.5,8.875,2.0],"rotation":0,"texture":"#0","tintindex":0},"west":{"uv":[3.625,8.25,4.375,8.75],"rotation":0,"texture":"#0","tintindex":0},"up":{"uv":[0.875,13.125,0.875,12.375],"rotation":0,"texture":"#0","tintindex":0}}},{"from":[10.565265,6.9994984,5.9922757],"to":[11.708122,9.299499,10.5637045],"rotation":{"angle":45.0,"axis":"x","origin":[11.136694,8.149498,7.9922757]},"faces":{"south":{"uv":[0.625,11.5,0.875,12.0],"rotation":0,"texture":"#0","tintindex":0},"north":{"uv":[9.125,11.375,9.375,11.875],"rotation":0,"texture":"#0","tintindex":0},"down":{"uv":[4.75,9.75,4.5,10.75],"rotation":0,"texture":"#0","tintindex":0},"east":{"uv":[6.875,2.125,7.875,2.625],"rotation":0,"texture":"#0","tintindex":0},"west":{"uv":[3.5,6.875,4.5,7.375],"rotation":0,"texture":"#0","tintindex":0},"up":{"uv":[3.0,10.75,2.75,9.75],"rotation":0,"texture":"#0","tintindex":0}}},{"from":[10.850979,8.928729,3.7955942],"to":[11.422408,9.514443,8.367023],"rotation":{"angle":22.5,"axis":"x","origin":[11.136694,9.221586,6.081309]},"faces":{"south":{"uv":[8.625,6.875,8.75,7.0],"rotation":0,"texture":"#0","tintindex":0},"north":{"uv":[2.25,6.875,2.375,7.0],"rotation":0,"texture":"#0","tintindex":0},"down":{"uv":[6.375,11.5,6.25,12.5],"rotation":0,"texture":"#0","tintindex":0},"east":{"uv":[11.25,2.875,12.25,3.0],"rotation":0,"texture":"#0","tintindex":0},"west":{"uv":[11.5,5.75,12.5,5.875],"rotation":0,"texture":"#0","tintindex":0},"up":{"uv":[10.5,12.125,10.375,11.125],"rotation":0,"texture":"#0","tintindex":0}}},{"from":[11.136694,7.7858715,2.6527371],"to":[11.136694,10.657301,5.50988],"rotation":{"angle":22.5,"axis":"x","origin":[11.136694,9.221586,6.081309]},"faces":{"south":{"uv":[5.125,12.25,5.125,12.875],"rotation":0,"texture":"#0","tintindex":0},"north":{"uv":[5.0,12.25,5.0,12.875],"rotation":0,"texture":"#0","tintindex":0},"down":{"uv":[9.0,12.25,9.0,12.875],"rotation":0,"texture":"#0","tintindex":0},"east":{"uv":[5.375,7.75,6.0,8.375],"rotation":0,"texture":"#0","tintindex":0},"west":{"uv":[6.125,7.75,6.75,8.375],"rotation":0,"texture":"#0","tintindex":0},"up":{"uv":[8.875,12.875,8.875,12.25],"rotation":0,"texture":"#0","tintindex":0}}},{"from":[11.136694,10.420747,4.161007],"to":[11.136694,13.292175,7.01815],"rotation":{"angle":45.0,"axis":"x","origin":[11.136694,11.570746,4.8895783]},"faces":{"south":{"uv":[1.75,12.375,1.75,13.0],"rotation":0,"texture":"#0","tintindex":0},"north":{"uv":[1.625,12.375,1.625,13.0],"rotation":0,"texture":"#0","tintindex":0},"down":{"uv":[3.5,12.375,3.5,13.0],"rotation":0,"texture":"#0","tintindex":0},"east":{"uv":[0.0,7.875,0.625,8.5],"rotation":0,"texture":"#0","tintindex":0},"west":{"uv":[0.75,7.875,1.375,8.5],"rotation":0,"texture":"#0","tintindex":0},"up":{"uv":[3.375,13.0,3.375,12.375],"rotation":0,"texture":"#0","tintindex":0}}},{"from":[10.850979,7.0017123,6.708446],"to":[11.422408,11.573141,7.2941604],"rotation":{"angle":-45.0,"axis":"x","origin":[11.136694,9.858855,7.001303]},"faces":{"south":{"uv":[8.0,11.5,8.125,12.5],"rotation":0,"texture":"#0","tintindex":0},"north":{"uv":[6.5,11.5,6.625,12.5],"rotation":0,"texture":"#0","tintindex":0},"down":{"uv":[12.375,0.0,12.25,0.125],"rotation":0,"texture":"#0","tintindex":0},"east":{"uv":[7.75,11.5,7.875,12.5],"rotation":0,"texture":"#0","tintindex":0},"west":{"uv":[8.25,11.5,8.375,12.5],"rotation":0,"texture":"#0","tintindex":0},"up":{"uv":[9.0,10.875,8.875,10.75],"rotation":0,"texture":"#0","tintindex":0}}}],"display":{"head":{"translation":[0.0,-6.4,0.0],"scale":[4.0,4.0,4.0]}}}