{"textures":{"1":"modelengine:entity/blacksmith_anvil"},"elements":[{"from":[1.5918365,2.0816326,2.5714283],"to":[12.44898,4.367347,13.428572],"rotation":{"angle":0.0,"axis":"y","origin":[6.734694,2.0816326,24.285715]},"faces":{"south":{"uv":[8.875,1.75,11.25,2.25],"rotation":0,"texture":"#1","tintindex":0},"north":{"uv":[8.875,1.75,11.25,2.25],"rotation":0,"texture":"#1","tintindex":0},"down":{"uv":[5.625,6.875,3.25,4.5],"rotation":0,"texture":"#1","tintindex":0},"east":{"uv":[8.875,2.375,11.25,2.875],"rotation":0,"texture":"#1","tintindex":0},"west":{"uv":[9.375,8.5,11.75,9.0],"rotation":0,"texture":"#1","tintindex":0},"up":{"uv":[5.625,6.875,3.25,4.5],"rotation":0,"texture":"#1","tintindex":0}}},{"from":[12.44898,2.0816326,1.4285712],"to":[15.306123,5.510204,14.571428],"rotation":{"angle":0.0,"axis":"y","origin":[6.734694,2.0816326,24.285715]},"faces":{"south":{"uv":[2.5,5.0,3.125,5.75],"rotation":0,"texture":"#1","tintindex":0},"north":{"uv":[2.5,5.0,3.125,5.75],"rotation":0,"texture":"#1","tintindex":0},"down":{"uv":[8.75,2.875,8.125,0.0],"rotation":0,"texture":"#1","tintindex":0},"east":{"uv":[2.5,7.0,5.375,7.75],"rotation":0,"texture":"#1","tintindex":0},"west":{"uv":[2.5,7.0,5.375,7.75],"rotation":0,"texture":"#1","tintindex":0},"up":{"uv":[8.75,2.875,8.125,0.0],"rotation":0,"texture":"#1","tintindex":0}}},{"from":[-1.2653065,2.0816326,1.4285712],"to":[1.5918365,5.510204,14.571428],"rotation":{"angle":0.0,"axis":"y","origin":[7.3061223,2.0816326,24.285715]},"faces":{"south":{"uv":[3.125,5.0,2.5,5.75],"rotation":0,"texture":"#1","tintindex":0},"north":{"uv":[3.125,5.0,2.5,5.75],"rotation":0,"texture":"#1","tintindex":0},"down":{"uv":[8.125,2.875,8.75,0.0],"rotation":0,"texture":"#1","tintindex":0},"east":{"uv":[5.375,7.0,2.5,7.75],"rotation":0,"texture":"#1","tintindex":0},"west":{"uv":[5.375,7.0,2.5,7.75],"rotation":0,"texture":"#1","tintindex":0},"up":{"uv":[8.125,2.875,8.75,0.0],"rotation":0,"texture":"#1","tintindex":0}}},{"from":[3.0204077,4.367347,4.8571424],"to":[11.020409,8.938776,11.142858],"rotation":{"angle":0.0,"axis":"y","origin":[6.4489794,2.0816326,24.285715]},"faces":{"south":{"uv":[7.5,8.5,9.25,9.5],"rotation":0,"texture":"#1","tintindex":0},"north":{"uv":[7.5,8.5,9.25,9.5],"rotation":0,"texture":"#1","tintindex":0},"down":{"uv":[8.0,1.5,6.25,2.875],"rotation":0,"texture":"#1","tintindex":0},"east":{"uv":[8.75,4.125,10.125,5.125],"rotation":0,"texture":"#1","tintindex":0},"west":{"uv":[8.75,4.125,10.125,5.125],"rotation":0,"texture":"#1","tintindex":0},"up":{"uv":[8.0,1.375,6.25,0.0],"rotation":0,"texture":"#1","tintindex":0}}},{"from":[-0.6938782,8.938776,3.142857],"to":[12.44898,13.510204,12.857143],"rotation":{"angle":0.0,"axis":"y","origin":[6.163265,2.0816326,24.285715]},"faces":{"south":{"uv":[5.75,4.5,8.625,5.5],"rotation":0,"texture":"#1","tintindex":0},"north":{"uv":[5.75,4.5,8.625,5.5],"rotation":0,"texture":"#1","tintindex":0},"down":{"uv":[6.125,2.25,3.25,4.375],"rotation":0,"texture":"#1","tintindex":0},"east":{"uv":[3.0,7.875,5.125,8.875],"rotation":0,"texture":"#1","tintindex":0},"west":{"uv":[3.0,7.875,5.125,8.875],"rotation":0,"texture":"#1","tintindex":0},"up":{"uv":[6.125,2.125,3.25,0.0],"rotation":0,"texture":"#1","tintindex":0}}},{"from":[-1.2653065,13.510204,2.5714283],"to":[13.020409,15.22449,13.428572],"rotation":{"angle":0.0,"axis":"y","origin":[6.163265,2.0816326,24.285715]},"faces":{"south":{"uv":[9.375,9.125,12.5,9.5],"rotation":0,"texture":"#1","tintindex":0},"north":{"uv":[9.375,9.125,12.5,9.5],"rotation":0,"texture":"#1","tintindex":0},"down":{"uv":[3.125,2.375,0.0,0.0],"rotation":0,"texture":"#1","tintindex":0},"east":{"uv":[0.0,10.125,2.375,10.5],"rotation":0,"texture":"#1","tintindex":0},"west":{"uv":[0.0,10.125,2.375,10.5],"rotation":0,"texture":"#1","tintindex":0},"up":{"uv":[3.125,2.375,0.0,0.0],"rotation":0,"texture":"#1","tintindex":0}}},{"from":[12.44898,11.22449,4.8571424],"to":[19.877552,14.653062,11.142858],"rotation":{"angle":0.0,"axis":"y","origin":[6.163265,2.0816326,24.285715]},"faces":{"south":{"uv":[8.875,0.0,10.5,0.75],"rotation":0,"texture":"#1","tintindex":0},"north":{"uv":[8.875,0.0,10.5,0.75],"rotation":0,"texture":"#1","tintindex":0},"down":{"uv":[7.875,4.375,6.25,3.0],"rotation":0,"texture":"#1","tintindex":0},"east":{"uv":[7.5,9.625,8.875,10.375],"rotation":0,"texture":"#1","tintindex":0},"west":{"uv":[9.0,9.625,10.375,10.375],"rotation":0,"texture":"#1","tintindex":0},"up":{"uv":[7.875,4.375,6.25,3.0],"rotation":0,"texture":"#1","tintindex":0}}}],"display":{"head":{"translation":[0.0,-6.4,0.0],"scale":[4.0,4.0,4.0]}}}