{"textures":{"0":"modelengine:entity/dwarf_blacksmith"},"elements":[{"from":[5.142857,2.6031742,6.285714],"to":[10.857143,8.31746,9.714286],"rotation":{"angle":0.0,"axis":"y","origin":[4.285714,-2.975397,10.585714]},"faces":{"south":{"uv":[1.1875,4.4375,0.5625,5.0625],"rotation":0,"texture":"#0","tintindex":0},"north":{"uv":[0.5625,4.4375,1.1875,5.0625],"rotation":0,"texture":"#0","tintindex":0},"down":{"uv":[2.4375,6.75,1.8125,7.125],"rotation":0,"texture":"#0","tintindex":0},"east":{"uv":[6.625,5.9375,7.0,6.5625],"rotation":0,"texture":"#0","tintindex":0},"west":{"uv":[6.4375,6.625,6.8125,7.25],"rotation":0,"texture":"#0","tintindex":0},"up":{"uv":[2.4375,7.125,1.8125,6.75],"rotation":0,"texture":"#0","tintindex":0}}}],"display":{"head":{"translation":[0.0,-6.4,0.0],"scale":[4.0,4.0,4.0]}}}