{"textures":{"0":"modelengine:entity/dwarf_blacksmith"},"elements":[{"from":[6.285714,6.8095236,6.857143],"to":[9.714286,7.952381,9.142858],"rotation":{"angle":0.0,"axis":"y","origin":[4.285714,6.945238,10.585714]},"faces":{"south":{"uv":[6.875,5.3125,7.25,5.4375],"rotation":0,"texture":"#0","tintindex":0},"north":{"uv":[6.875,5.3125,7.25,5.4375],"rotation":0,"texture":"#0","tintindex":0},"down":{"uv":[9.1875,2.0,8.8125,2.25],"rotation":0,"texture":"#0","tintindex":0},"east":{"uv":[6.3125,9.1875,6.5625,9.3125],"rotation":0,"texture":"#0","tintindex":0},"west":{"uv":[6.625,9.1875,6.875,9.3125],"rotation":0,"texture":"#0","tintindex":0},"up":{"uv":[9.1875,1.9375,8.8125,1.6875],"rotation":0,"texture":"#0","tintindex":0}}},{"from":[5.714286,4.5238094,6.285714],"to":[10.285714,6.8095236,9.714286],"rotation":{"angle":0.0,"axis":"y","origin":[4.285714,6.945238,10.585714]},"faces":{"south":{"uv":[8.6875,6.375,8.1875,6.625],"rotation":0,"texture":"#0","tintindex":0},"north":{"uv":[8.1875,6.375,8.6875,6.625],"rotation":0,"texture":"#0","tintindex":0},"down":{"uv":[7.75,3.625,7.25,4.0],"rotation":0,"texture":"#0","tintindex":0},"east":{"uv":[7.5625,8.75,7.9375,9.0],"rotation":0,"texture":"#0","tintindex":0},"west":{"uv":[8.8125,1.375,9.1875,1.625],"rotation":0,"texture":"#0","tintindex":0},"up":{"uv":[7.75,4.0,7.25,3.625],"rotation":0,"texture":"#0","tintindex":0}}},{"from":[5.714286,2.2380953,6.285714],"to":[10.285714,4.5238094,6.285714],"rotation":{"angle":0.0,"axis":"y","origin":[4.285714,6.945238,10.585714]},"faces":{"south":{"uv":[8.75,2.1875,8.25,2.4375],"rotation":0,"texture":"#0","tintindex":0},"north":{"uv":[8.25,2.1875,8.75,2.4375],"rotation":0,"texture":"#0","tintindex":0},"down":{"uv":[9.8125,2.5625,9.3125,2.5625],"rotation":0,"texture":"#0","tintindex":0},"east":{"uv":[7.0,1.9375,7.0,2.1875],"rotation":0,"texture":"#0","tintindex":0},"west":{"uv":[4.8125,7.3125,4.8125,7.5625],"rotation":0,"texture":"#0","tintindex":0},"up":{"uv":[9.8125,2.5,9.3125,2.5],"rotation":0,"texture":"#0","tintindex":0}}},{"from":[10.285714,2.2380953,6.285714],"to":[10.285714,4.5238094,9.714286],"rotation":{"angle":0.0,"axis":"y","origin":[4.285714,6.945238,10.585714]},"faces":{"south":{"uv":[1.125,8.5625,1.125,8.8125],"rotation":0,"texture":"#0","tintindex":0},"north":{"uv":[6.6875,8.25,6.6875,8.5],"rotation":0,"texture":"#0","tintindex":0},"down":{"uv":[1.5,9.3125,1.5,9.6875],"rotation":0,"texture":"#0","tintindex":0},"east":{"uv":[8.8125,7.875,9.1875,8.125],"rotation":0,"texture":"#0","tintindex":0},"west":{"uv":[9.1875,7.875,8.8125,8.125],"rotation":0,"texture":"#0","tintindex":0},"up":{"uv":[1.4375,9.6875,1.4375,9.3125],"rotation":0,"texture":"#0","tintindex":0}}},{"from":[5.714286,2.2380953,9.714286],"to":[10.285714,4.5238094,9.714286],"rotation":{"angle":0.0,"axis":"y","origin":[4.285714,6.945238,10.585714]},"faces":{"south":{"uv":[8.75,2.1875,8.25,2.4375],"rotation":0,"texture":"#0","tintindex":0},"north":{"uv":[8.25,2.1875,8.75,2.4375],"rotation":0,"texture":"#0","tintindex":0},"down":{"uv":[9.8125,2.75,9.3125,2.75],"rotation":0,"texture":"#0","tintindex":0},"east":{"uv":[4.1875,8.9375,4.1875,9.1875],"rotation":0,"texture":"#0","tintindex":0},"west":{"uv":[1.6875,9.3125,1.6875,9.5625],"rotation":0,"texture":"#0","tintindex":0},"up":{"uv":[9.8125,2.625,9.3125,2.625],"rotation":0,"texture":"#0","tintindex":0}}},{"from":[5.714286,2.2380953,6.285714],"to":[5.714286,4.5238094,9.714286],"rotation":{"angle":0.0,"axis":"y","origin":[4.285714,6.945238,10.585714]},"faces":{"south":{"uv":[4.625,8.8125,4.625,9.0625],"rotation":0,"texture":"#0","tintindex":0},"north":{"uv":[4.5625,8.8125,4.5625,9.0625],"rotation":0,"texture":"#0","tintindex":0},"down":{"uv":[1.625,9.3125,1.625,9.6875],"rotation":0,"texture":"#0","tintindex":0},"east":{"uv":[9.25,3.6875,8.875,3.9375],"rotation":0,"texture":"#0","tintindex":0},"west":{"uv":[8.875,3.6875,9.25,3.9375],"rotation":0,"texture":"#0","tintindex":0},"up":{"uv":[1.5625,9.6875,1.5625,9.3125],"rotation":0,"texture":"#0","tintindex":0}}}],"display":{"head":{"translation":[0.0,-6.4,0.0],"scale":[4.0,4.0,4.0]}}}