{"textures":{"0":"modelengine:entity/dwarf_blacksmith"},"elements":[{"from":[6.285714,6.785714,6.857143],"to":[9.714286,7.928571,9.142858],"rotation":{"angle":0.0,"axis":"y","origin":[4.285714,2.35,10.585714]},"faces":{"south":{"uv":[5.25,0.9375,5.625,1.0625],"rotation":0,"texture":"#0","tintindex":0},"north":{"uv":[5.25,0.9375,5.625,1.0625],"rotation":0,"texture":"#0","tintindex":0},"down":{"uv":[8.9375,4.1875,8.5625,4.4375],"rotation":0,"texture":"#0","tintindex":0},"east":{"uv":[7.1875,8.5625,7.4375,8.6875],"rotation":0,"texture":"#0","tintindex":0},"west":{"uv":[9.125,7.6875,9.375,7.8125],"rotation":0,"texture":"#0","tintindex":0},"up":{"uv":[6.9375,2.1875,6.5625,1.9375],"rotation":0,"texture":"#0","tintindex":0}}},{"from":[5.714286,3.3571424,6.285714],"to":[10.285714,6.785714,9.714286],"rotation":{"angle":0.0,"axis":"y","origin":[4.285714,2.35,10.585714]},"faces":{"south":{"uv":[2.8125,7.1875,2.3125,7.5625],"rotation":0,"texture":"#0","tintindex":0},"north":{"uv":[2.3125,7.1875,2.8125,7.5625],"rotation":0,"texture":"#0","tintindex":0},"down":{"uv":[7.6875,6.375,7.1875,6.75],"rotation":0,"texture":"#0","tintindex":0},"east":{"uv":[7.75,1.3125,8.125,1.6875],"rotation":0,"texture":"#0","tintindex":0},"west":{"uv":[3.1875,7.75,3.5625,8.125],"rotation":0,"texture":"#0","tintindex":0},"up":{"uv":[7.6875,6.75,7.1875,6.375],"rotation":0,"texture":"#0","tintindex":0}}}],"display":{"head":{"translation":[0.0,-6.4,0.0],"scale":[4.0,4.0,4.0]}}}