{"textures":{"0":"modelengine:entity/dwarf_blacksmith"},"elements":[{"from":[-5.794606,21.610935,10.220848],"to":[-4.0803204,29.610935,11.363705],"rotation":{"angle":22.5,"axis":"z","origin":[-0.93746376,21.039505,11.077991]},"faces":{"south":{"uv":[2.625,7.625,2.8125,8.5],"rotation":0,"texture":"#0","tintindex":0},"north":{"uv":[2.625,7.625,2.8125,8.5],"rotation":0,"texture":"#0","tintindex":0},"down":{"uv":[8.125,0.75,7.9375,0.625],"rotation":0,"texture":"#0","tintindex":0},"east":{"uv":[5.875,8.3125,6.0,9.1875],"rotation":0,"texture":"#0","tintindex":0},"west":{"uv":[5.875,8.3125,6.0,9.1875],"rotation":0,"texture":"#0","tintindex":0},"up":{"uv":[8.125,0.75,7.9375,0.625],"rotation":0,"texture":"#0","tintindex":0}}},{"from":[2.8563008,7.890701,4.5351334],"to":[13.142015,13.604986,11.392277],"rotation":{"angle":0.0,"axis":"y","origin":[4.284872,4.597844,5.3779907]},"faces":{"south":{"uv":[3.1875,0.0,4.3125,0.625],"rotation":0,"texture":"#0","tintindex":0},"north":{"uv":[3.1875,0.0,4.3125,0.625],"rotation":0,"texture":"#0","tintindex":0},"down":{"uv":[3.25,1.0625,2.125,1.8125],"rotation":0,"texture":"#0","tintindex":0},"east":{"uv":[4.25,2.75,5.0,3.375],"rotation":0,"texture":"#0","tintindex":0},"west":{"uv":[2.9375,4.3125,3.6875,4.9375],"rotation":0,"texture":"#0","tintindex":0},"up":{"uv":[2.1875,2.875,1.0625,2.125],"rotation":0,"texture":"#0","tintindex":0}}},{"from":[-8.420944E-4,12.46213,9.64942],"to":[2.8563008,18.176416,11.935134],"rotation":{"angle":45.0,"axis":"z","origin":[-8.420944E-4,17.033558,12.506562]},"faces":{"south":{"uv":[1.375,7.0625,1.6875,7.6875],"rotation":0,"texture":"#0","tintindex":0},"north":{"uv":[1.375,7.0625,1.6875,7.6875],"rotation":0,"texture":"#0","tintindex":0},"down":{"uv":[3.375,8.9375,3.0625,9.1875],"rotation":0,"texture":"#0","tintindex":0},"east":{"uv":[0.0,7.6875,0.25,8.3125],"rotation":0,"texture":"#0","tintindex":0},"west":{"uv":[0.0,7.6875,0.25,8.3125],"rotation":0,"texture":"#0","tintindex":0},"up":{"uv":[9.25,3.0,8.9375,2.75],"rotation":0,"texture":"#0","tintindex":0}}},{"from":[3.6546407,12.485746,13.0779915],"to":[7.083212,18.200031,16.506563],"rotation":{"angle":45.0,"axis":"x","origin":[5.083212,18.200031,11.935134]},"faces":{"south":{"uv":[3.9375,6.75,4.3125,7.375],"rotation":0,"texture":"#0","tintindex":0},"north":{"uv":[3.9375,6.75,4.3125,7.375],"rotation":0,"texture":"#0","tintindex":0},"down":{"uv":[8.9375,0.25,8.5625,0.5625],"rotation":0,"texture":"#0","tintindex":0},"east":{"uv":[3.9375,6.75,4.3125,7.375],"rotation":0,"texture":"#0","tintindex":0},"west":{"uv":[3.9375,6.75,4.3125,7.375],"rotation":0,"texture":"#0","tintindex":0},"up":{"uv":[8.5625,8.875,8.1875,8.5],"rotation":0,"texture":"#0","tintindex":0}}},{"from":[2.5117831,15.74212,12.094356],"to":[5.368926,24.884977,14.951498],"rotation":{"angle":22.5,"axis":"z","origin":[5.083212,19.456406,13.522927]},"faces":{"south":{"uv":[6.0,3.5625,5.6875,4.5625],"rotation":0,"texture":"#0","tintindex":0},"north":{"uv":[6.0,3.5625,5.6875,4.5625],"rotation":0,"texture":"#0","tintindex":0},"down":{"uv":[7.5,8.75,7.1875,9.0625],"rotation":0,"texture":"#0","tintindex":0},"east":{"uv":[5.6875,3.5625,6.0,4.5625],"rotation":0,"texture":"#0","tintindex":0},"west":{"uv":[5.6875,3.5625,6.0,4.5625],"rotation":0,"texture":"#0","tintindex":0},"up":{"uv":[9.0625,6.4375,8.75,6.125],"rotation":0,"texture":"#0","tintindex":0}}},{"from":[-5.508892,17.896648,9.935134],"to":[1.3482504,20.182362,11.64942],"rotation":{"angle":-22.5,"axis":"z","origin":[-0.93746376,21.039505,11.077991]},"faces":{"south":{"uv":[7.4375,2.4375,8.1875,2.6875],"rotation":0,"texture":"#0","tintindex":0},"north":{"uv":[7.4375,2.4375,8.1875,2.6875],"rotation":0,"texture":"#0","tintindex":0},"down":{"uv":[6.5625,0.625,5.8125,0.4375],"rotation":0,"texture":"#0","tintindex":0},"east":{"uv":[9.125,0.5,9.3125,0.75],"rotation":0,"texture":"#0","tintindex":0},"west":{"uv":[9.125,0.8125,9.3125,1.0625],"rotation":0,"texture":"#0","tintindex":0},"up":{"uv":[6.5625,0.625,5.8125,0.4375],"rotation":0,"texture":"#0","tintindex":0}}},{"from":[20.08556,21.610935,10.220848],"to":[21.799845,29.610935,11.363705],"rotation":{"angle":-22.5,"axis":"z","origin":[16.942701,21.039505,11.077991]},"faces":{"south":{"uv":[2.8125,7.625,2.625,8.5],"rotation":0,"texture":"#0","tintindex":0},"north":{"uv":[2.8125,7.625,2.625,8.5],"rotation":0,"texture":"#0","tintindex":0},"down":{"uv":[7.9375,0.75,8.125,0.625],"rotation":0,"texture":"#0","tintindex":0},"east":{"uv":[6.0,8.3125,5.875,9.1875],"rotation":0,"texture":"#0","tintindex":0},"west":{"uv":[6.0,8.3125,5.875,9.1875],"rotation":0,"texture":"#0","tintindex":0},"up":{"uv":[7.9375,0.75,8.125,0.625],"rotation":0,"texture":"#0","tintindex":0}}},{"from":[14.656987,17.896648,9.935134],"to":[21.51413,20.182362,11.64942],"rotation":{"angle":22.5,"axis":"z","origin":[16.942701,21.039505,11.077991]},"faces":{"south":{"uv":[8.1875,2.4375,7.4375,2.6875],"rotation":0,"texture":"#0","tintindex":0},"north":{"uv":[8.1875,2.4375,7.4375,2.6875],"rotation":0,"texture":"#0","tintindex":0},"down":{"uv":[5.8125,0.625,6.5625,0.4375],"rotation":0,"texture":"#0","tintindex":0},"east":{"uv":[9.3125,0.8125,9.125,1.0625],"rotation":0,"texture":"#0","tintindex":0},"west":{"uv":[9.3125,0.5,9.125,0.75],"rotation":0,"texture":"#0","tintindex":0},"up":{"uv":[5.8125,0.625,6.5625,0.4375],"rotation":0,"texture":"#0","tintindex":0}}},{"from":[13.148937,12.46213,9.64942],"to":[16.00608,18.176416,11.935134],"rotation":{"angle":-45.0,"axis":"z","origin":[16.00608,17.033558,12.506562]},"faces":{"south":{"uv":[1.6875,7.0625,1.375,7.6875],"rotation":0,"texture":"#0","tintindex":0},"north":{"uv":[1.6875,7.0625,1.375,7.6875],"rotation":0,"texture":"#0","tintindex":0},"down":{"uv":[3.0625,8.9375,3.375,9.1875],"rotation":0,"texture":"#0","tintindex":0},"east":{"uv":[0.25,7.6875,0.0,8.3125],"rotation":0,"texture":"#0","tintindex":0},"west":{"uv":[0.25,7.6875,0.0,8.3125],"rotation":0,"texture":"#0","tintindex":0},"up":{"uv":[8.9375,3.0,9.25,2.75],"rotation":0,"texture":"#0","tintindex":0}}},{"from":[10.636312,15.74212,12.094356],"to":[13.493454,24.884977,14.951498],"rotation":{"angle":-22.5,"axis":"z","origin":[10.922026,19.456406,13.522927]},"faces":{"south":{"uv":[5.6875,3.5625,6.0,4.5625],"rotation":0,"texture":"#0","tintindex":0},"north":{"uv":[5.6875,3.5625,6.0,4.5625],"rotation":0,"texture":"#0","tintindex":0},"down":{"uv":[7.1875,8.75,7.5,9.0625],"rotation":0,"texture":"#0","tintindex":0},"east":{"uv":[6.0,3.5625,5.6875,4.5625],"rotation":0,"texture":"#0","tintindex":0},"west":{"uv":[6.0,3.5625,5.6875,4.5625],"rotation":0,"texture":"#0","tintindex":0},"up":{"uv":[8.75,6.4375,9.0625,6.125],"rotation":0,"texture":"#0","tintindex":0}}},{"from":[8.922026,12.485746,13.0779915],"to":[12.350597,18.200031,16.506563],"rotation":{"angle":45.0,"axis":"x","origin":[10.922026,18.200031,11.935134]},"faces":{"south":{"uv":[4.3125,6.75,3.9375,7.375],"rotation":0,"texture":"#0","tintindex":0},"north":{"uv":[4.3125,6.75,3.9375,7.375],"rotation":0,"texture":"#0","tintindex":0},"down":{"uv":[8.5625,0.25,8.9375,0.5625],"rotation":0,"texture":"#0","tintindex":0},"east":{"uv":[4.3125,6.75,3.9375,7.375],"rotation":0,"texture":"#0","tintindex":0},"west":{"uv":[4.3125,6.75,3.9375,7.375],"rotation":0,"texture":"#0","tintindex":0},"up":{"uv":[8.1875,8.875,8.5625,8.5],"rotation":0,"texture":"#0","tintindex":0}}}],"display":{"head":{"translation":[0.0,-6.4,0.0],"scale":[4.0,4.0,4.0]}}}