{"textures":{"0":"modelengine:entity/dwarf_blacksmith"},"elements":[{"from":[3.4312959,7.938657,2.4658027],"to":[12.574154,17.081514,11.60866],"rotation":{"angle":0.0,"axis":"y","origin":[4.288439,0.045799255,5.6229453]},"faces":{"south":{"uv":[1.0625,0.0,2.0625,1.0],"rotation":0,"texture":"#0","tintindex":0},"north":{"uv":[0.0,0.0,1.0,1.0],"rotation":0,"texture":"#0","tintindex":0},"down":{"uv":[3.125,0.0,2.125,1.0],"rotation":0,"texture":"#0","tintindex":0},"east":{"uv":[0.0,1.0625,1.0,2.0625],"rotation":0,"texture":"#0","tintindex":0},"west":{"uv":[1.0625,1.0625,2.0625,2.0625],"rotation":0,"texture":"#0","tintindex":0},"up":{"uv":[1.0,3.125,0.0,2.125],"rotation":0,"texture":"#0","tintindex":0}}},{"from":[12.856407,10.224371,5.3229456],"to":[13.427835,13.081514,7.6086597],"rotation":{"angle":22.5,"axis":"y","origin":[13.142121,11.6100855,6.751517]},"faces":{"south":{"uv":[3.3125,1.375,3.375,1.6875],"rotation":0,"texture":"#0","tintindex":0},"north":{"uv":[3.1875,0.6875,3.25,1.0],"rotation":0,"texture":"#0","tintindex":0},"down":{"uv":[2.8125,6.3125,2.75,6.5625],"rotation":0,"texture":"#0","tintindex":0},"east":{"uv":[3.875,8.9375,4.125,9.25],"rotation":0,"texture":"#0","tintindex":0},"west":{"uv":[4.125,8.9375,3.875,9.25],"rotation":0,"texture":"#0","tintindex":0},"up":{"uv":[2.8125,6.25,2.75,6.0],"rotation":0,"texture":"#0","tintindex":0}}},{"from":[13.527836,9.881514,6.347456],"to":[14.099264,10.452943,6.9188843],"rotation":{"angle":22.5,"axis":"y","origin":[13.142121,11.452943,6.9188843]},"faces":{"south":{"uv":[3.5625,5.375,3.625,5.4375],"rotation":0,"texture":"#0","tintindex":0},"north":{"uv":[3.3125,1.75,3.375,1.8125],"rotation":0,"texture":"#0","tintindex":0},"down":{"uv":[1.0625,6.9375,1.0,7.0],"rotation":0,"texture":"#0","tintindex":0},"east":{"uv":[2.125,4.125,2.1875,4.1875],"rotation":0,"texture":"#0","tintindex":0},"west":{"uv":[6.5,3.625,6.5625,3.6875],"rotation":0,"texture":"#0","tintindex":0},"up":{"uv":[2.8125,6.6875,2.75,6.625],"rotation":0,"texture":"#0","tintindex":0}}},{"from":[12.384978,9.881514,6.347456],"to":[12.956408,10.452943,6.9188843],"rotation":{"angle":22.5,"axis":"y","origin":[13.142121,11.452943,6.9188843]},"faces":{"south":{"uv":[4.3125,8.25,4.375,8.3125],"rotation":0,"texture":"#0","tintindex":0},"north":{"uv":[2.5,8.125,2.5625,8.1875],"rotation":0,"texture":"#0","tintindex":0},"down":{"uv":[5.1875,8.375,5.125,8.4375],"rotation":0,"texture":"#0","tintindex":0},"east":{"uv":[2.5,8.25,2.5625,8.3125],"rotation":0,"texture":"#0","tintindex":0},"west":{"uv":[0.1875,8.375,0.25,8.4375],"rotation":0,"texture":"#0","tintindex":0},"up":{"uv":[2.5625,8.4375,2.5,8.375],"rotation":0,"texture":"#0","tintindex":0}}},{"from":[12.384978,10.452943,6.347456],"to":[14.099264,11.024371,6.9188843],"rotation":{"angle":22.5,"axis":"y","origin":[13.142121,11.452943,6.9188843]},"faces":{"south":{"uv":[9.25,8.0625,9.4375,8.125],"rotation":0,"texture":"#0","tintindex":0},"north":{"uv":[7.5,8.0625,7.6875,8.125],"rotation":0,"texture":"#0","tintindex":0},"down":{"uv":[9.125,9.25,8.9375,9.3125],"rotation":0,"texture":"#0","tintindex":0},"east":{"uv":[6.3125,7.6875,6.375,7.75],"rotation":0,"texture":"#0","tintindex":0},"west":{"uv":[6.75,7.8125,6.8125,7.875],"rotation":0,"texture":"#0","tintindex":0},"up":{"uv":[8.5625,9.3125,8.375,9.25],"rotation":0,"texture":"#0","tintindex":0}}},{"from":[12.384978,9.310085,6.347456],"to":[14.099264,9.881514,6.9188843],"rotation":{"angle":22.5,"axis":"y","origin":[13.142121,11.452943,6.9188843]},"faces":{"south":{"uv":[9.3125,0.1875,9.5,0.25],"rotation":0,"texture":"#0","tintindex":0},"north":{"uv":[9.1875,9.25,9.375,9.3125],"rotation":0,"texture":"#0","tintindex":0},"down":{"uv":[1.25,9.3125,1.0625,9.375],"rotation":0,"texture":"#0","tintindex":0},"east":{"uv":[6.75,7.9375,6.8125,8.0],"rotation":0,"texture":"#0","tintindex":0},"west":{"uv":[0.625,8.125,0.6875,8.1875],"rotation":0,"texture":"#0","tintindex":0},"up":{"uv":[9.5,0.375,9.3125,0.3125],"rotation":0,"texture":"#0","tintindex":0}}},{"from":[3.0490422,9.881514,6.347456],"to":[3.620471,10.452943,6.9188843],"rotation":{"angle":-22.5,"axis":"y","origin":[2.863328,11.452943,6.9188843]},"faces":{"south":{"uv":[4.375,8.25,4.3125,8.3125],"rotation":0,"texture":"#0","tintindex":0},"north":{"uv":[2.5625,8.125,2.5,8.1875],"rotation":0,"texture":"#0","tintindex":0},"down":{"uv":[5.125,8.375,5.1875,8.4375],"rotation":0,"texture":"#0","tintindex":0},"east":{"uv":[0.25,8.375,0.1875,8.4375],"rotation":0,"texture":"#0","tintindex":0},"west":{"uv":[2.5625,8.25,2.5,8.3125],"rotation":0,"texture":"#0","tintindex":0},"up":{"uv":[2.5,8.4375,2.5625,8.375],"rotation":0,"texture":"#0","tintindex":0}}},{"from":[1.9061847,10.452943,6.347456],"to":[3.620471,11.024371,6.9188843],"rotation":{"angle":-22.5,"axis":"y","origin":[2.863328,11.452943,6.9188843]},"faces":{"south":{"uv":[9.4375,8.0625,9.25,8.125],"rotation":0,"texture":"#0","tintindex":0},"north":{"uv":[7.6875,8.0625,7.5,8.125],"rotation":0,"texture":"#0","tintindex":0},"down":{"uv":[8.9375,9.25,9.125,9.3125],"rotation":0,"texture":"#0","tintindex":0},"east":{"uv":[6.8125,7.8125,6.75,7.875],"rotation":0,"texture":"#0","tintindex":0},"west":{"uv":[6.375,7.6875,6.3125,7.75],"rotation":0,"texture":"#0","tintindex":0},"up":{"uv":[8.375,9.3125,8.5625,9.25],"rotation":0,"texture":"#0","tintindex":0}}},{"from":[1.9061847,9.310085,6.347456],"to":[3.620471,9.881514,6.9188843],"rotation":{"angle":-22.5,"axis":"y","origin":[2.863328,11.452943,6.9188843]},"faces":{"south":{"uv":[9.5,0.1875,9.3125,0.25],"rotation":0,"texture":"#0","tintindex":0},"north":{"uv":[9.375,9.25,9.1875,9.3125],"rotation":0,"texture":"#0","tintindex":0},"down":{"uv":[1.0625,9.3125,1.25,9.375],"rotation":0,"texture":"#0","tintindex":0},"east":{"uv":[0.6875,8.125,0.625,8.1875],"rotation":0,"texture":"#0","tintindex":0},"west":{"uv":[6.8125,7.9375,6.75,8.0],"rotation":0,"texture":"#0","tintindex":0},"up":{"uv":[9.3125,0.375,9.5,0.3125],"rotation":0,"texture":"#0","tintindex":0}}},{"from":[1.9061847,9.881514,6.347456],"to":[2.4776134,10.452943,6.9188843],"rotation":{"angle":-22.5,"axis":"y","origin":[2.863328,11.452943,6.9188843]},"faces":{"south":{"uv":[3.625,5.375,3.5625,5.4375],"rotation":0,"texture":"#0","tintindex":0},"north":{"uv":[3.375,1.75,3.3125,1.8125],"rotation":0,"texture":"#0","tintindex":0},"down":{"uv":[1.0,6.9375,1.0625,7.0],"rotation":0,"texture":"#0","tintindex":0},"east":{"uv":[6.5625,3.625,6.5,3.6875],"rotation":0,"texture":"#0","tintindex":0},"west":{"uv":[2.1875,4.125,2.125,4.1875],"rotation":0,"texture":"#0","tintindex":0},"up":{"uv":[2.75,6.6875,2.8125,6.625],"rotation":0,"texture":"#0","tintindex":0}}},{"from":[2.5776134,10.224371,5.3229456],"to":[3.1490421,13.081514,7.6086597],"rotation":{"angle":-22.5,"axis":"y","origin":[2.863328,11.6100855,6.751517]},"faces":{"south":{"uv":[3.375,1.375,3.3125,1.6875],"rotation":0,"texture":"#0","tintindex":0},"north":{"uv":[3.25,0.6875,3.1875,1.0],"rotation":0,"texture":"#0","tintindex":0},"down":{"uv":[2.75,6.3125,2.8125,6.5625],"rotation":0,"texture":"#0","tintindex":0},"east":{"uv":[3.875,8.9375,4.125,9.25],"rotation":0,"texture":"#0","tintindex":0},"west":{"uv":[4.125,8.9375,3.875,9.25],"rotation":0,"texture":"#0","tintindex":0},"up":{"uv":[2.75,6.25,2.8125,6.0],"rotation":0,"texture":"#0","tintindex":0}}},{"from":[-0.47412395,7.938657,4.0820465],"to":[4.0973053,16.9958,4.0820465],"rotation":{"angle":45.0,"axis":"y","origin":[1.8115907,12.467228,4.0820465]},"faces":{"south":{"uv":[4.3125,3.5,3.8125,4.490625],"rotation":0,"texture":"#0","tintindex":0},"north":{"uv":[3.8125,3.5,4.3125,4.490625],"rotation":0,"texture":"#0","tintindex":0},"down":{"uv":[9.625,2.6875,10.125,2.6875],"rotation":0,"texture":"#0","tintindex":0},"east":{"uv":[4.9375,9.125,4.9375,10.115625],"rotation":0,"texture":"#0","tintindex":0},"west":{"uv":[5.0,9.125,5.0,10.115625],"rotation":0,"texture":"#0","tintindex":0},"up":{"uv":[6.5625,4.3125,7.0625,4.3125],"rotation":0,"texture":"#0","tintindex":0}}},{"from":[3.4312959,16.997782,2.8867545],"to":[8.002725,19.19778,2.8867545],"rotation":{"angle":22.5,"axis":"x","origin":[5.71701,18.097782,2.8867545]},"faces":{"south":{"uv":[8.5625,8.1875,8.0625,8.4375],"rotation":0,"texture":"#0","tintindex":0},"north":{"uv":[8.0625,8.1875,8.5625,8.4375],"rotation":0,"texture":"#0","tintindex":0},"down":{"uv":[9.8125,2.3125,9.3125,2.3125],"rotation":0,"texture":"#0","tintindex":0},"east":{"uv":[2.875,5.3125,2.875,5.5625],"rotation":0,"texture":"#0","tintindex":0},"west":{"uv":[3.5,5.6875,3.5,5.9375],"rotation":0,"texture":"#0","tintindex":0},"up":{"uv":[9.8125,0.4375,9.3125,0.4375],"rotation":0,"texture":"#0","tintindex":0}}},{"from":[8.002725,16.997782,2.8867545],"to":[12.574154,19.19778,2.8867545],"rotation":{"angle":22.5,"axis":"x","origin":[10.288439,18.097782,2.8867545]},"faces":{"south":{"uv":[8.0625,8.1875,8.5625,8.4375],"rotation":0,"texture":"#0","tintindex":0},"north":{"uv":[8.5625,8.1875,8.0625,8.4375],"rotation":0,"texture":"#0","tintindex":0},"down":{"uv":[9.3125,2.3125,9.8125,2.3125],"rotation":0,"texture":"#0","tintindex":0},"east":{"uv":[3.5,5.6875,3.5,5.9375],"rotation":0,"texture":"#0","tintindex":0},"west":{"uv":[2.875,5.3125,2.875,5.5625],"rotation":0,"texture":"#0","tintindex":0},"up":{"uv":[9.3125,0.4375,9.8125,0.4375],"rotation":0,"texture":"#0","tintindex":0}}},{"from":[11.901222,7.938657,4.0820465],"to":[16.472652,16.9958,4.0820465],"rotation":{"angle":-45.0,"axis":"y","origin":[14.186937,12.467228,4.0820465]},"faces":{"south":{"uv":[3.8125,3.5,4.3125,4.5],"rotation":0,"texture":"#0","tintindex":0},"north":{"uv":[4.3125,3.5,3.8125,4.5],"rotation":0,"texture":"#0","tintindex":0},"down":{"uv":[9.125,2.6875,9.625,2.6875],"rotation":0,"texture":"#0","tintindex":0},"east":{"uv":[5.0,9.125,5.0,10.125],"rotation":0,"texture":"#0","tintindex":0},"west":{"uv":[4.9375,9.125,4.9375,10.125],"rotation":0,"texture":"#0","tintindex":0},"up":{"uv":[6.0625,4.3125,6.5625,4.3125],"rotation":0,"texture":"#0","tintindex":0}}},{"from":[6.856406,11.338657,1.3229456],"to":[9.14212,13.052942,4.751517],"rotation":{"angle":0.0,"axis":"y","origin":[4.284978,0.045799255,5.6229453]},"faces":{"south":{"uv":[0.3125,7.375,0.5625,7.5625],"rotation":0,"texture":"#0","tintindex":0},"north":{"uv":[5.75,2.25,6.0,2.4375],"rotation":0,"texture":"#0","tintindex":0},"down":{"uv":[9.0625,2.3125,8.8125,2.6875],"rotation":0,"texture":"#0","tintindex":0},"east":{"uv":[4.5,2.5,4.875,2.6875],"rotation":0,"texture":"#0","tintindex":0},"west":{"uv":[3.75,4.5625,4.125,4.75],"rotation":0,"texture":"#0","tintindex":0},"up":{"uv":[6.0,6.5625,5.75,6.1875],"rotation":0,"texture":"#0","tintindex":0}}},{"from":[3.427835,14.1958,1.3229456],"to":[6.856406,15.338657,2.4658027],"rotation":{"angle":-22.5,"axis":"z","origin":[5.7135496,14.767229,2.1800885]},"faces":{"south":{"uv":[9.0625,5.0,9.4375,5.125],"rotation":0,"texture":"#0","tintindex":0},"north":{"uv":[9.0,8.75,9.375,8.875],"rotation":0,"texture":"#0","tintindex":0},"down":{"uv":[9.4375,5.375,9.0625,5.5],"rotation":0,"texture":"#0","tintindex":0},"east":{"uv":[4.1875,4.5625,4.3125,4.6875],"rotation":0,"texture":"#0","tintindex":0},"west":{"uv":[7.875,3.0625,8.0,3.1875],"rotation":0,"texture":"#0","tintindex":0},"up":{"uv":[9.4375,5.3125,9.0625,5.1875],"rotation":0,"texture":"#0","tintindex":0}}},{"from":[9.14212,14.1958,1.3229456],"to":[12.570692,15.338657,2.4658027],"rotation":{"angle":22.5,"axis":"z","origin":[10.284978,14.767229,2.1800885]},"faces":{"south":{"uv":[9.0625,6.6875,9.4375,6.8125],"rotation":0,"texture":"#0","tintindex":0},"north":{"uv":[9.0625,5.5625,9.4375,5.6875],"rotation":0,"texture":"#0","tintindex":0},"down":{"uv":[9.4375,7.0625,9.0625,7.1875],"rotation":0,"texture":"#0","tintindex":0},"east":{"uv":[6.125,8.0,6.25,8.125],"rotation":0,"texture":"#0","tintindex":0},"west":{"uv":[7.375,9.125,7.5,9.25],"rotation":0,"texture":"#0","tintindex":0},"up":{"uv":[9.4375,7.0,9.0625,6.875],"rotation":0,"texture":"#0","tintindex":0}}},{"from":[9.14212,11.910086,1.7515168],"to":[11.999264,14.767229,2.894374],"rotation":{"angle":0.0,"axis":"y","origin":[10.284978,14.767229,2.1800885]},"faces":{"south":{"uv":[5.125,8.5625,5.4375,8.875],"rotation":0,"texture":"#0","tintindex":0},"north":{"uv":[3.875,8.5625,4.1875,8.875],"rotation":0,"texture":"#0","tintindex":0},"down":{"uv":[9.375,7.25,9.0625,7.375],"rotation":0,"texture":"#0","tintindex":0},"east":{"uv":[3.5625,5.0,3.6875,5.3125],"rotation":0,"texture":"#0","tintindex":0},"west":{"uv":[2.3125,9.0625,2.4375,9.375],"rotation":0,"texture":"#0","tintindex":0},"up":{"uv":[5.8125,7.875,5.5,7.75],"rotation":0,"texture":"#0","tintindex":0}}},{"from":[11.856407,13.052942,2.3229456],"to":[12.999264,14.1958,6.894374],"rotation":{"angle":0.0,"axis":"y","origin":[10.284978,14.767229,2.1800885]},"faces":{"south":{"uv":[9.25,7.875,9.375,8.0],"rotation":0,"texture":"#0","tintindex":0},"north":{"uv":[5.75,9.25,5.875,9.375],"rotation":0,"texture":"#0","tintindex":0},"down":{"uv":[7.0625,8.9375,6.9375,9.4375],"rotation":0,"texture":"#0","tintindex":0},"east":{"uv":[0.0,4.9375,0.5,5.0625],"rotation":0,"texture":"#0","tintindex":0},"west":{"uv":[9.0,4.1875,9.5,4.3125],"rotation":0,"texture":"#0","tintindex":0},"up":{"uv":[3.5625,9.4375,3.4375,8.9375],"rotation":0,"texture":"#0","tintindex":0}}},{"from":[6.856406,14.1958,1.8943739],"to":[9.14212,18.76723,9.322946],"rotation":{"angle":22.5,"axis":"x","origin":[7.999264,17.052944,5.6086597]},"faces":{"south":{"uv":[2.1875,8.125,2.4375,8.625],"rotation":0,"texture":"#0","tintindex":0},"north":{"uv":[0.3125,8.125,0.5625,8.625],"rotation":0,"texture":"#0","tintindex":0},"down":{"uv":[7.125,6.625,6.875,7.4375],"rotation":0,"texture":"#0","tintindex":0},"east":{"uv":[4.375,0.0,5.1875,0.5],"rotation":0,"texture":"#0","tintindex":0},"west":{"uv":[4.375,0.5625,5.1875,1.0625],"rotation":0,"texture":"#0","tintindex":0},"up":{"uv":[0.25,7.625,0.0,6.8125],"rotation":0,"texture":"#0","tintindex":0}}}],"display":{"head":{"translation":[0.0,-6.4,0.0],"scale":[4.0,4.0,4.0]}}}