{"textures":{"5":"modelengine:entity/blacksmith_iron"},"elements":[{"from":[6.5714283,4.5714283,-3.7142859],"to":[9.428572,10.285714,9.428572],"rotation":{"angle":0.0,"axis":"y","origin":[8.0,8.0,8.285714]},"faces":{"south":{"uv":[4.5,5.5,5.75,8.0],"rotation":0,"texture":"#5","tintindex":0},"north":{"uv":[4.5,5.5,5.75,8.0],"rotation":0,"texture":"#5","tintindex":0},"down":{"uv":[1.25,5.5,0.0,11.25],"rotation":0,"texture":"#5","tintindex":0},"east":{"uv":[0.0,0.0,5.75,2.5],"rotation":0,"texture":"#5","tintindex":0},"west":{"uv":[5.75,0.0,0.0,2.5],"rotation":0,"texture":"#5","tintindex":0},"up":{"uv":[1.25,11.25,0.0,5.5],"rotation":0,"texture":"#5","tintindex":0}}}],"display":{"head":{"translation":[0.0,-6.4,0.0],"scale":[4.0,4.0,4.0]}}}