{"textures":{"0":"modelengine:entity/dwarf_blacksmith"},"elements":[{"from":[6.3244267,7.0791016,6.857143],"to":[8.0387125,8.221959,9.142858],"rotation":{"angle":-22.5,"axis":"z","origin":[7.181569,5.936244,7.714286]},"faces":{"south":{"uv":[7.9375,7.0625,7.75,7.1875],"rotation":0,"texture":"#0","tintindex":0},"north":{"uv":[7.9375,7.0625,7.75,7.1875],"rotation":0,"texture":"#0","tintindex":0},"down":{"uv":[9.0625,8.9375,9.25,9.1875],"rotation":0,"texture":"#0","tintindex":0},"east":{"uv":[9.5,1.5,9.25,1.625],"rotation":0,"texture":"#0","tintindex":0},"west":{"uv":[9.5,1.5,9.25,1.625],"rotation":0,"texture":"#0","tintindex":0},"up":{"uv":[7.5625,9.3125,7.75,9.0625],"rotation":0,"texture":"#0","tintindex":0}}},{"from":[5.752998,3.0791016,6.285714],"to":[8.610141,7.0791016,9.714286],"rotation":{"angle":-22.5,"axis":"z","origin":[7.181569,5.936244,7.714286]},"faces":{"south":{"uv":[6.75,8.0625,7.0625,8.5],"rotation":0,"texture":"#0","tintindex":0},"north":{"uv":[7.0625,8.0625,6.75,8.5],"rotation":0,"texture":"#0","tintindex":0},"down":{"uv":[2.875,8.5,3.1875,8.875],"rotation":0,"texture":"#0","tintindex":0},"east":{"uv":[6.875,7.5625,7.25,8.0],"rotation":0,"texture":"#0","tintindex":0},"west":{"uv":[7.25,7.5625,6.875,8.0],"rotation":0,"texture":"#0","tintindex":0},"up":{"uv":[2.875,8.875,3.1875,8.5],"rotation":0,"texture":"#0","tintindex":0}}},{"from":[5.752998,0.22195816,6.285714],"to":[8.610141,3.0791016,6.285714],"rotation":{"angle":-22.5,"axis":"z","origin":[7.181569,5.936244,7.714286]},"faces":{"south":{"uv":[2.0625,8.6875,2.375,9.0],"rotation":0,"texture":"#0","tintindex":0},"north":{"uv":[2.375,8.6875,2.0625,9.0],"rotation":0,"texture":"#0","tintindex":0},"down":{"uv":[9.3125,3.75,9.625,3.75],"rotation":0,"texture":"#0","tintindex":0},"east":{"uv":[4.125,9.3125,4.125,9.625],"rotation":0,"texture":"#0","tintindex":0},"west":{"uv":[4.0625,9.3125,4.0625,9.625],"rotation":0,"texture":"#0","tintindex":0},"up":{"uv":[9.3125,3.6875,9.625,3.6875],"rotation":0,"texture":"#0","tintindex":0}}},{"from":[8.610141,0.22195816,6.285714],"to":[8.610141,3.0791016,9.714286],"rotation":{"angle":-22.5,"axis":"z","origin":[7.181569,5.936244,7.714286]},"faces":{"south":{"uv":[2.8125,9.3125,2.8125,9.625],"rotation":0,"texture":"#0","tintindex":0},"north":{"uv":[2.75,9.3125,2.75,9.625],"rotation":0,"texture":"#0","tintindex":0},"down":{"uv":[2.875,9.3125,2.875,9.6875],"rotation":0,"texture":"#0","tintindex":0},"east":{"uv":[1.5625,8.5,1.1875,8.8125],"rotation":0,"texture":"#0","tintindex":0},"west":{"uv":[1.1875,8.5,1.5625,8.8125],"rotation":0,"texture":"#0","tintindex":0},"up":{"uv":[9.3125,3.1875,9.3125,2.8125],"rotation":0,"texture":"#0","tintindex":0}}},{"from":[5.752998,0.22195816,6.285714],"to":[5.752998,3.0791016,9.714286],"rotation":{"angle":-22.5,"axis":"z","origin":[7.181569,5.936244,7.714286]},"faces":{"south":{"uv":[3.875,9.3125,3.875,9.625],"rotation":0,"texture":"#0","tintindex":0},"north":{"uv":[9.3125,3.3125,9.3125,3.625],"rotation":0,"texture":"#0","tintindex":0},"down":{"uv":[4.0,9.3125,4.0,9.6875],"rotation":0,"texture":"#0","tintindex":0},"east":{"uv":[1.1875,8.5,1.5625,8.8125],"rotation":0,"texture":"#0","tintindex":0},"west":{"uv":[1.5625,8.5,1.1875,8.8125],"rotation":0,"texture":"#0","tintindex":0},"up":{"uv":[3.9375,9.6875,3.9375,9.3125],"rotation":0,"texture":"#0","tintindex":0}}},{"from":[5.752998,0.22195816,9.714286],"to":[8.610141,3.0791016,9.714286],"rotation":{"angle":-22.5,"axis":"z","origin":[7.181569,5.936244,7.714286]},"faces":{"south":{"uv":[2.375,8.6875,2.0625,9.0],"rotation":0,"texture":"#0","tintindex":0},"north":{"uv":[2.0625,8.6875,2.375,9.0],"rotation":0,"texture":"#0","tintindex":0},"down":{"uv":[9.3125,3.25,9.625,3.25],"rotation":0,"texture":"#0","tintindex":0},"east":{"uv":[3.0,9.3125,3.0,9.625],"rotation":0,"texture":"#0","tintindex":0},"west":{"uv":[2.9375,9.3125,2.9375,9.625],"rotation":0,"texture":"#0","tintindex":0},"up":{"uv":[8.125,4.75,8.4375,4.75],"rotation":0,"texture":"#0","tintindex":0}}}],"display":{"head":{"translation":[0.0,-6.4,0.0],"scale":[4.0,4.0,4.0]}}}