{"textures":{"0":"modelengine:entity/dwarf_blacksmith"},"elements":[{"from":[5.7346935,4.5574365,5.5427523],"to":[10.306123,7.986008,10.114181],"rotation":{"angle":0.0,"axis":"y","origin":[11.734694,4.6931505,5.271323]},"faces":{"south":{"uv":[7.0625,5.9375,7.5625,6.3125],"rotation":0,"texture":"#0","tintindex":0},"north":{"uv":[6.875,4.875,7.375,5.25],"rotation":0,"texture":"#0","tintindex":0},"down":{"uv":[5.125,6.1875,4.625,6.6875],"rotation":0,"texture":"#0","tintindex":0},"east":{"uv":[5.875,7.0625,6.375,7.4375],"rotation":0,"texture":"#0","tintindex":0},"west":{"uv":[7.1875,0.9375,7.6875,1.3125],"rotation":0,"texture":"#0","tintindex":0},"up":{"uv":[4.5625,6.6875,4.0625,6.1875],"rotation":0,"texture":"#0","tintindex":0}}},{"from":[5.7346935,2.2717223,5.5427523],"to":[10.306123,4.5574365,10.114181],"rotation":{"angle":0.0,"axis":"y","origin":[11.734694,4.6931505,5.271323]},"faces":{"south":{"uv":[8.1875,5.75,8.6875,6.0],"rotation":0,"texture":"#0","tintindex":0},"north":{"uv":[8.1875,1.25,8.6875,1.5],"rotation":0,"texture":"#0","tintindex":0},"down":{"uv":[7.0,2.8125,6.5,3.3125],"rotation":0,"texture":"#0","tintindex":0},"east":{"uv":[3.1875,8.1875,3.6875,8.4375],"rotation":0,"texture":"#0","tintindex":0},"west":{"uv":[8.1875,6.0625,8.6875,6.3125],"rotation":0,"texture":"#0","tintindex":0},"up":{"uv":[7.0,2.75,6.5,2.25],"rotation":0,"texture":"#0","tintindex":0}}},{"from":[5.4489794,3.9860077,5.2570376],"to":[10.591837,8.000294,10.399895],"rotation":{"angle":0.0,"axis":"y","origin":[8.020409,10.557437,7.8284664]},"faces":{"south":{"uv":[7.125,0.9375,6.5625,1.375],"rotation":0,"texture":"#0","tintindex":0},"north":{"uv":[6.5625,0.9375,7.125,1.375],"rotation":0,"texture":"#0","tintindex":0},"down":{"uv":[5.625,3.125,5.0625,3.6875],"rotation":0,"texture":"#0","tintindex":0},"east":{"uv":[1.1875,6.5625,1.75,7.0],"rotation":0,"texture":"#0","tintindex":0},"west":{"uv":[6.625,0.0,7.1875,0.4375],"rotation":0,"texture":"#0","tintindex":0},"up":{"uv":[5.625,3.0625,5.0625,2.5],"rotation":0,"texture":"#0","tintindex":0}}},{"from":[5.4489794,1.7002935,5.2570376],"to":[10.591837,3.9860077,10.399895],"rotation":{"angle":0.0,"axis":"y","origin":[8.020409,10.557437,7.8284664]},"faces":{"south":{"uv":[7.8125,3.625,8.375,3.875],"rotation":0,"texture":"#0","tintindex":0},"north":{"uv":[7.75,6.75,8.3125,7.0],"rotation":0,"texture":"#0","tintindex":0},"down":{"uv":[5.625,4.375,5.0625,4.9375],"rotation":0,"texture":"#0","tintindex":0},"east":{"uv":[7.75,7.5625,8.3125,7.8125],"rotation":0,"texture":"#0","tintindex":0},"west":{"uv":[7.8125,3.9375,8.375,4.1875],"rotation":0,"texture":"#0","tintindex":0},"up":{"uv":[5.625,4.3125,5.0625,3.75],"rotation":0,"texture":"#0","tintindex":0}}},{"from":[4.877551,2.2717223,4.685609],"to":[8.306123,3.9860077,10.971324],"rotation":{"angle":0.0,"axis":"y","origin":[8.020409,10.557437,7.8284664]},"faces":{"south":{"uv":[6.0625,8.9375,6.4375,9.125],"rotation":0,"texture":"#0","tintindex":0},"north":{"uv":[7.4375,3.0625,7.8125,3.25],"rotation":0,"texture":"#0","tintindex":0},"down":{"uv":[2.6875,6.0,2.3125,6.6875],"rotation":0,"texture":"#0","tintindex":0},"east":{"uv":[7.8125,4.25,8.5,4.4375],"rotation":0,"texture":"#0","tintindex":0},"west":{"uv":[8.0625,0.0,8.75,0.1875],"rotation":0,"texture":"#0","tintindex":0},"up":{"uv":[2.25,6.6875,1.875,6.0],"rotation":0,"texture":"#0","tintindex":0}}},{"from":[5.163265,3.9860077,4.9713235],"to":[8.020409,5.7002935,10.68561],"rotation":{"angle":0.0,"axis":"y","origin":[8.020409,10.557437,7.8284664]},"faces":{"south":{"uv":[2.875,7.1875,3.1875,7.375],"rotation":0,"texture":"#0","tintindex":0},"north":{"uv":[6.875,4.375,7.1875,4.5625],"rotation":0,"texture":"#0","tintindex":0},"down":{"uv":[1.3125,7.0625,1.0,7.6875],"rotation":0,"texture":"#0","tintindex":0},"east":{"uv":[8.5,4.75,9.125,4.9375],"rotation":0,"texture":"#0","tintindex":0},"west":{"uv":[7.5,8.5,8.125,8.6875],"rotation":0,"texture":"#0","tintindex":0},"up":{"uv":[0.9375,7.5625,0.625,6.9375],"rotation":0,"texture":"#0","tintindex":0}}},{"from":[4.877551,5.7002935,4.685609],"to":[8.306123,7.4145794,10.971324],"rotation":{"angle":0.0,"axis":"y","origin":[8.020409,10.557437,7.8284664]},"faces":{"south":{"uv":[6.0625,8.9375,6.4375,9.125],"rotation":0,"texture":"#0","tintindex":0},"north":{"uv":[7.4375,3.0625,7.8125,3.25],"rotation":0,"texture":"#0","tintindex":0},"down":{"uv":[2.6875,6.0,2.3125,6.6875],"rotation":0,"texture":"#0","tintindex":0},"east":{"uv":[7.8125,4.25,8.5,4.4375],"rotation":0,"texture":"#0","tintindex":0},"west":{"uv":[8.0625,0.0,8.75,0.1875],"rotation":0,"texture":"#0","tintindex":0},"up":{"uv":[2.25,6.6875,1.875,6.0],"rotation":0,"texture":"#0","tintindex":0}}}],"display":{"head":{"translation":[0.0,-6.4,0.0],"scale":[4.0,4.0,4.0]}}}