{"textures":{"0":"modelengine:entity/dwarf_blacksmith"},"elements":[{"from":[5.714286,2.2904758,5.5238094],"to":[10.285714,8.047619,10.095238],"rotation":{"angle":0.0,"axis":"y","origin":[6.5714283,10.469048,5.252381]},"faces":{"south":{"uv":[1.25,4.4375,1.75,5.0625],"rotation":0,"texture":"#0","tintindex":0},"north":{"uv":[1.25,4.4375,1.75,5.0625],"rotation":0,"texture":"#0","tintindex":0},"down":{"uv":[6.5625,4.25,6.0625,3.75],"rotation":0,"texture":"#0","tintindex":0},"east":{"uv":[0.625,5.125,1.125,5.75],"rotation":0,"texture":"#0","tintindex":0},"west":{"uv":[0.625,5.125,1.125,5.75],"rotation":0,"texture":"#0","tintindex":0},"up":{"uv":[6.5625,4.25,6.0625,3.75],"rotation":0,"texture":"#0","tintindex":0}}},{"from":[5.428571,2.333333,4.9523807],"to":[10.571428,6.333333,8.380953],"rotation":{"angle":0.0,"axis":"y","origin":[6.5714283,10.469048,5.252381]},"faces":{"south":{"uv":[6.625,3.875,7.1875,4.3125],"rotation":0,"texture":"#0","tintindex":0},"north":{"uv":[6.625,3.375,7.1875,3.8125],"rotation":0,"texture":"#0","tintindex":0},"down":{"uv":[7.4375,0.5,6.875,0.875],"rotation":0,"texture":"#0","tintindex":0},"east":{"uv":[0.75,7.75,1.125,8.1875],"rotation":0,"texture":"#0","tintindex":0},"west":{"uv":[7.75,0.8125,8.125,1.25],"rotation":0,"texture":"#0","tintindex":0},"up":{"uv":[5.4375,7.125,4.875,6.75],"rotation":0,"texture":"#0","tintindex":0}}},{"from":[6.857143,3.190476,4.380952],"to":[9.142858,5.47619,4.9523807],"rotation":{"angle":0.0,"axis":"y","origin":[9.428572,3.47619,5.2380953]},"faces":{"south":{"uv":[9.125,7.4375,9.3125,7.625],"rotation":0,"texture":"#0","tintindex":0},"north":{"uv":[7.125,9.125,7.375,9.375],"rotation":0,"texture":"#0","tintindex":0},"down":{"uv":[3.5,7.3125,3.25,7.375],"rotation":0,"texture":"#0","tintindex":0},"east":{"uv":[2.125,1.875,2.1875,2.125],"rotation":0,"texture":"#0","tintindex":0},"west":{"uv":[4.375,1.125,4.4375,1.375],"rotation":0,"texture":"#0","tintindex":0},"up":{"uv":[7.4375,1.875,7.1875,1.8125],"rotation":0,"texture":"#0","tintindex":0}}}],"display":{"head":{"translation":[0.0,-6.4,0.0],"scale":[4.0,4.0,4.0]}}}