{"textures":{"0":"modelengine:entity/dwarf_blacksmith"},"elements":[{"from":[5.714286,5.8023806,5.7619047],"to":[10.285714,8.088096,10.333334],"rotation":{"angle":0.0,"axis":"y","origin":[9.428572,16.22381,5.4904757]},"faces":{"south":{"uv":[8.6875,0.625,8.1875,0.875],"rotation":0,"texture":"#0","tintindex":0},"north":{"uv":[8.625,5.125,8.125,5.375],"rotation":0,"texture":"#0","tintindex":0},"down":{"uv":[0.625,6.375,1.125,6.875],"rotation":0,"texture":"#0","tintindex":0},"east":{"uv":[8.6875,0.9375,8.1875,1.1875],"rotation":0,"texture":"#0","tintindex":0},"west":{"uv":[8.625,5.4375,8.125,5.6875],"rotation":0,"texture":"#0","tintindex":0},"up":{"uv":[5.1875,6.6875,5.6875,6.1875],"rotation":0,"texture":"#0","tintindex":0}}},{"from":[5.428571,5.7595234,5.4761906],"to":[10.571428,8.130953,10.619048],"rotation":{"angle":0.0,"axis":"y","origin":[9.428572,16.22381,5.4904757]},"faces":{"south":{"uv":[8.5,0.3125,7.9375,0.5625],"rotation":0,"texture":"#0","tintindex":0},"north":{"uv":[8.4375,4.8125,7.875,5.0625],"rotation":0,"texture":"#0","tintindex":0},"down":{"uv":[0.0,5.125,0.5625,5.6875],"rotation":0,"texture":"#0","tintindex":0},"east":{"uv":[7.75,7.875,8.3125,8.125],"rotation":0,"texture":"#0","tintindex":0},"west":{"uv":[8.3125,7.875,7.75,8.125],"rotation":0,"texture":"#0","tintindex":0},"up":{"uv":[5.0625,5.5625,5.625,5.0],"rotation":0,"texture":"#0","tintindex":0}}}],"display":{"head":{"translation":[0.0,-6.4,0.0],"scale":[4.0,4.0,4.0]}}}