{"textures":{"0":"modelengine:entity/dwarf_blacksmith"},"elements":[{"from":[7.194805,0.587255,5.8905563],"to":[11.766233,6.3015404,10.461986],"rotation":{"angle":0.0,"axis":"y","origin":[5.7662334,-2.7056026,5.619128]},"faces":{"south":{"uv":[2.8125,5.3125,2.3125,5.9375],"rotation":0,"texture":"#0","tintindex":0},"north":{"uv":[2.8125,5.3125,2.3125,5.9375],"rotation":0,"texture":"#0","tintindex":0},"down":{"uv":[6.0625,6.5625,6.5625,6.0625],"rotation":0,"texture":"#0","tintindex":0},"east":{"uv":[2.8125,5.3125,2.3125,5.9375],"rotation":0,"texture":"#0","tintindex":0},"west":{"uv":[2.8125,5.3125,2.3125,5.9375],"rotation":0,"texture":"#0","tintindex":0},"up":{"uv":[6.0625,6.5625,6.5625,6.0625],"rotation":0,"texture":"#0","tintindex":0}}},{"from":[6.0376625,6.872969,5.033414],"to":[12.923376,9.158684,11.319128],"rotation":{"angle":0.0,"axis":"y","origin":[9.194805,7.1422234,8.19104]},"faces":{"south":{"uv":[8.0625,4.5,7.3125,4.75],"rotation":0,"texture":"#0","tintindex":0},"north":{"uv":[7.9375,7.25,7.1875,7.5],"rotation":0,"texture":"#0","tintindex":0},"down":{"uv":[2.25,3.5,3.0,4.1875],"rotation":0,"texture":"#0","tintindex":0},"east":{"uv":[4.3125,7.4375,3.625,7.6875],"rotation":0,"texture":"#0","tintindex":0},"west":{"uv":[3.5625,7.4375,2.875,7.6875],"rotation":0,"texture":"#0","tintindex":0},"up":{"uv":[3.4375,3.4375,4.1875,2.75],"rotation":0,"texture":"#0","tintindex":0}}},{"from":[6.051948,4.03539,9.432017],"to":[12.909091,7.463961,11.717732],"rotation":{"angle":-22.5,"axis":"x","origin":[9.194805,7.1422234,8.19104]},"faces":{"south":{"uv":[5.75,1.8125,6.5,2.1875],"rotation":0,"texture":"#0","tintindex":0},"north":{"uv":[5.8125,0.0,6.5625,0.375],"rotation":0,"texture":"#0","tintindex":0},"down":{"uv":[7.4375,2.375,8.1875,2.125],"rotation":0,"texture":"#0","tintindex":0},"east":{"uv":[1.6875,8.875,1.4375,9.25],"rotation":0,"texture":"#0","tintindex":0},"west":{"uv":[1.6875,8.875,1.4375,9.25],"rotation":0,"texture":"#0","tintindex":0},"up":{"uv":[7.3125,5.5625,8.0625,5.3125],"rotation":0,"texture":"#0","tintindex":0}}},{"from":[6.051948,3.9708085,4.6625266],"to":[12.909091,7.3993797,6.948241],"rotation":{"angle":22.5,"axis":"x","origin":[9.194805,7.1422234,8.19104]},"faces":{"south":{"uv":[6.5625,0.0,5.8125,0.375],"rotation":0,"texture":"#0","tintindex":0},"north":{"uv":[6.5,1.8125,5.75,2.1875],"rotation":0,"texture":"#0","tintindex":0},"down":{"uv":[7.4375,2.125,8.1875,2.375],"rotation":0,"texture":"#0","tintindex":0},"east":{"uv":[1.6875,8.875,1.4375,9.25],"rotation":0,"texture":"#0","tintindex":0},"west":{"uv":[1.6875,8.875,1.4375,9.25],"rotation":0,"texture":"#0","tintindex":0},"up":{"uv":[7.4375,2.0625,8.1875,1.8125],"rotation":0,"texture":"#0","tintindex":0}}},{"from":[8.623377,9.158684,7.033414],"to":[10.909091,9.730112,9.319128],"rotation":{"angle":0.0,"axis":"y","origin":[9.194805,7.1422234,8.19104]},"faces":{"south":{"uv":[5.9375,5.5,5.6875,5.5625],"rotation":0,"texture":"#0","tintindex":0},"north":{"uv":[2.0625,4.125,1.8125,4.1875],"rotation":0,"texture":"#0","tintindex":0},"down":{"uv":[9.0,0.1875,9.25,0.4375],"rotation":0,"texture":"#0","tintindex":0},"east":{"uv":[9.25,4.375,9.0,4.4375],"rotation":0,"texture":"#0","tintindex":0},"west":{"uv":[4.9375,5.5,4.6875,5.5625],"rotation":0,"texture":"#0","tintindex":0},"up":{"uv":[4.5,8.0625,4.75,7.8125],"rotation":0,"texture":"#0","tintindex":0}}},{"from":[8.623377,4.2565227,4.091098],"to":[10.909091,6.5422373,4.6625266],"rotation":{"angle":22.5,"axis":"x","origin":[9.194805,7.1422234,8.19104]},"faces":{"south":{"uv":[9.3125,7.4375,9.125,7.625],"rotation":0,"texture":"#0","tintindex":0},"north":{"uv":[7.375,9.125,7.125,9.375],"rotation":0,"texture":"#0","tintindex":0},"down":{"uv":[3.25,7.3125,3.5,7.375],"rotation":0,"texture":"#0","tintindex":0},"east":{"uv":[4.4375,1.125,4.375,1.375],"rotation":0,"texture":"#0","tintindex":0},"west":{"uv":[2.1875,1.875,2.125,2.125],"rotation":0,"texture":"#0","tintindex":0},"up":{"uv":[7.1875,1.875,7.4375,1.8125],"rotation":0,"texture":"#0","tintindex":0}}},{"from":[6.6233764,2.3015409,5.319128],"to":[12.337663,4.015826,11.033414],"rotation":{"angle":0.0,"axis":"y","origin":[9.480519,3.1586838,8.1762705]},"faces":{"south":{"uv":[9.0,7.1875,8.375,7.375],"rotation":0,"texture":"#0","tintindex":0},"north":{"uv":[9.0,7.1875,8.375,7.375],"rotation":0,"texture":"#0","tintindex":0},"down":{"uv":[4.5,2.4375,5.125,1.8125],"rotation":0,"texture":"#0","tintindex":0},"east":{"uv":[9.0,7.1875,8.375,7.375],"rotation":0,"texture":"#0","tintindex":0},"west":{"uv":[9.0,7.1875,8.375,7.375],"rotation":0,"texture":"#0","tintindex":0},"up":{"uv":[4.5,2.4375,5.125,1.8125],"rotation":0,"texture":"#0","tintindex":0}}},{"from":[8.623377,5.907799,12.069773],"to":[10.909091,8.193513,12.641202],"rotation":{"angle":-22.5,"axis":"x","origin":[9.766233,7.050656,12.355488]},"faces":{"south":{"uv":[7.125,9.125,7.375,9.375],"rotation":0,"texture":"#0","tintindex":0},"north":{"uv":[9.3125,7.4375,9.125,7.625],"rotation":0,"texture":"#0","tintindex":0},"down":{"uv":[3.5,7.3125,3.25,7.375],"rotation":180,"texture":"#0","tintindex":0},"east":{"uv":[4.4375,1.125,4.375,1.375],"rotation":0,"texture":"#0","tintindex":0},"west":{"uv":[2.1875,1.875,2.125,2.125],"rotation":0,"texture":"#0","tintindex":0},"up":{"uv":[7.4375,1.875,7.1875,1.8125],"rotation":180,"texture":"#0","tintindex":0}}}],"display":{"head":{"translation":[0.0,-6.4,0.0],"scale":[4.0,4.0,4.0]}}}