{"textures":{"0":"modelengine:entity/dwarf_blacksmith"},"elements":[{"from":[5.714286,4.5714283,4.5714283],"to":[10.285714,8.0,10.285714],"rotation":{"angle":0.0,"axis":"y","origin":[9.428572,18.421429,5.442857]},"faces":{"south":{"uv":[2.25,7.1875,1.75,7.5625],"rotation":0,"texture":"#0","tintindex":0},"north":{"uv":[7.6875,1.375,7.1875,1.75],"rotation":0,"texture":"#0","tintindex":0},"down":{"uv":[4.125,5.5,4.625,6.125],"rotation":0,"texture":"#0","tintindex":0},"east":{"uv":[6.625,5.5,7.25,5.875],"rotation":0,"texture":"#0","tintindex":0},"west":{"uv":[7.25,5.5,6.625,5.875],"rotation":0,"texture":"#0","tintindex":0},"up":{"uv":[3.5625,6.125,4.0625,5.5],"rotation":0,"texture":"#0","tintindex":0}}}],"display":{"head":{"translation":[0.0,-6.4,0.0],"scale":[4.0,4.0,4.0]}}}