{"textures":{"0":"modelengine:entity/dwarf_blacksmith"},"elements":[{"from":[8.486829,4.72665,6.285714],"to":[11.9154,8.72665,9.714286],"rotation":{"angle":22.5,"axis":"z","origin":[10.201115,2.440936,7.714286]},"faces":{"south":{"uv":[0.6875,7.625,0.3125,8.0625],"rotation":0,"texture":"#0","tintindex":0},"north":{"uv":[0.3125,7.625,0.6875,8.0625],"rotation":0,"texture":"#0","tintindex":0},"down":{"uv":[4.4375,7.8125,4.0625,8.1875],"rotation":0,"texture":"#0","tintindex":0},"east":{"uv":[1.75,7.625,2.125,8.0625],"rotation":0,"texture":"#0","tintindex":0},"west":{"uv":[2.125,7.625,1.75,8.0625],"rotation":0,"texture":"#0","tintindex":0},"up":{"uv":[4.4375,8.1875,4.0625,7.8125],"rotation":0,"texture":"#0","tintindex":0}}}],"display":{"head":{"translation":[0.0,-6.4,0.0],"scale":[4.0,4.0,4.0]}}}