{"textures":{"4":"modelengine:entity/blacksmith_shield"},"elements":[{"from":[6.858904,6.8586893,3.0427246],"to":[9.144619,9.144403,13.32844],"rotation":{"angle":0.0,"axis":"y","origin":[6.858904,14.001547,8.185582]},"faces":{"south":{"uv":[6.5,5.125,7.0,5.625],"rotation":0,"texture":"#4","tintindex":0},"north":{"uv":[6.5,4.5,7.0,5.0],"rotation":0,"texture":"#4","tintindex":0},"down":{"uv":[3.5,4.125,3.0,6.375],"rotation":0,"texture":"#4","tintindex":0},"east":{"uv":[3.0,2.875,5.25,3.375],"rotation":0,"texture":"#4","tintindex":0},"west":{"uv":[3.0,3.5,5.25,4.0],"rotation":0,"texture":"#4","tintindex":0},"up":{"uv":[3.5,6.375,3.0,4.125],"rotation":0,"texture":"#4","tintindex":0}}},{"from":[9.144619,6.8586893,11.614153],"to":[11.430333,9.144403,13.32844],"rotation":{"angle":0.0,"axis":"y","origin":[6.858904,14.001547,8.185582]},"faces":{"south":{"uv":[6.5,6.375,7.0,6.875],"rotation":0,"texture":"#4","tintindex":0},"north":{"uv":[6.5,5.75,7.0,6.25],"rotation":0,"texture":"#4","tintindex":0},"down":{"uv":[4.75,6.875,4.25,7.25],"rotation":0,"texture":"#4","tintindex":0},"east":{"uv":[2.0,6.75,2.375,7.25],"rotation":0,"texture":"#4","tintindex":0},"west":{"uv":[2.5,6.75,2.875,7.25],"rotation":0,"texture":"#4","tintindex":0},"up":{"uv":[4.75,7.25,4.25,6.875],"rotation":0,"texture":"#4","tintindex":0}}},{"from":[11.144619,4.287261,17.614155],"to":[12.858904,11.715833,18.757011],"rotation":{"angle":0.0,"axis":"y","origin":[11.430333,14.001547,8.185582]},"faces":{"south":{"uv":[2.5,5.0,2.875,6.625],"rotation":0,"texture":"#4","tintindex":0},"north":{"uv":[2.0,5.0,2.375,6.625],"rotation":0,"texture":"#4","tintindex":0},"down":{"uv":[7.75,5.25,7.375,5.5],"rotation":0,"texture":"#4","tintindex":0},"east":{"uv":[6.125,4.5,6.375,6.125],"rotation":0,"texture":"#4","tintindex":0},"west":{"uv":[6.375,4.5,6.125,6.125],"rotation":0,"texture":"#4","tintindex":0},"up":{"uv":[4.625,7.625,4.25,7.375],"rotation":0,"texture":"#4","tintindex":0}}},{"from":[11.144619,11.715833,12.471296],"to":[12.858904,12.85869,18.757011],"rotation":{"angle":0.0,"axis":"y","origin":[11.430333,14.001547,8.185582]},"faces":{"south":{"uv":[7.375,6.0,7.75,6.25],"rotation":0,"texture":"#4","tintindex":0},"north":{"uv":[7.375,5.625,7.75,5.875],"rotation":0,"texture":"#4","tintindex":0},"down":{"uv":[6.0,5.5,5.625,6.875],"rotation":0,"texture":"#4","tintindex":0},"east":{"uv":[6.25,1.5,7.625,1.75],"rotation":0,"texture":"#4","tintindex":0},"west":{"uv":[7.625,1.5,6.25,1.75],"rotation":0,"texture":"#4","tintindex":0},"up":{"uv":[6.0,5.375,5.625,4.0],"rotation":0,"texture":"#4","tintindex":0}}},{"from":[11.144619,3.1444035,12.471296],"to":[12.858904,4.287261,18.757011],"rotation":{"angle":0.0,"axis":"y","origin":[11.430333,14.001547,8.185582]},"faces":{"south":{"uv":[1.0,7.5,1.375,7.75],"rotation":0,"texture":"#4","tintindex":0},"north":{"uv":[7.375,6.375,7.75,6.625],"rotation":0,"texture":"#4","tintindex":0},"down":{"uv":[6.5,3.0,6.125,4.375],"rotation":0,"texture":"#4","tintindex":0},"east":{"uv":[6.25,2.25,7.625,2.5],"rotation":0,"texture":"#4","tintindex":0},"west":{"uv":[7.625,2.25,6.25,2.5],"rotation":0,"texture":"#4","tintindex":0},"up":{"uv":[6.125,2.875,5.75,1.5],"rotation":0,"texture":"#4","tintindex":0}}},{"from":[11.144619,11.715833,11.328439],"to":[12.858904,13.430119,12.471296],"rotation":{"angle":0.0,"axis":"y","origin":[11.430333,14.001547,8.185582]},"faces":{"south":{"uv":[7.25,3.5,7.625,3.875],"rotation":0,"texture":"#4","tintindex":0},"north":{"uv":[7.25,3.0,7.625,3.375],"rotation":0,"texture":"#4","tintindex":0},"down":{"uv":[5.875,7.5,5.5,7.75],"rotation":0,"texture":"#4","tintindex":0},"east":{"uv":[5.75,3.0,6.0,3.375],"rotation":0,"texture":"#4","tintindex":0},"west":{"uv":[6.0,3.0,5.75,3.375],"rotation":0,"texture":"#4","tintindex":0},"up":{"uv":[1.875,7.75,1.5,7.5],"rotation":0,"texture":"#4","tintindex":0}}},{"from":[11.144619,2.5729747,11.328439],"to":[12.858904,4.287261,12.471296],"rotation":{"angle":0.0,"axis":"y","origin":[11.430333,14.001547,8.185582]},"faces":{"south":{"uv":[2.5,7.375,2.875,7.75],"rotation":0,"texture":"#4","tintindex":0},"north":{"uv":[2.0,7.375,2.375,7.75],"rotation":0,"texture":"#4","tintindex":0},"down":{"uv":[7.375,7.625,7.0,7.875],"rotation":0,"texture":"#4","tintindex":0},"east":{"uv":[7.5,6.75,7.75,7.125],"rotation":0,"texture":"#4","tintindex":0},"west":{"uv":[7.75,6.75,7.5,7.125],"rotation":0,"texture":"#4","tintindex":0},"up":{"uv":[6.875,7.875,6.5,7.625],"rotation":0,"texture":"#4","tintindex":0}}},{"from":[11.144619,2.5729747,0.47129583],"to":[12.858904,13.430119,1.6141529],"rotation":{"angle":0.0,"axis":"y","origin":[11.430333,14.001547,8.185582]},"faces":{"south":{"uv":[1.5,5.0,1.875,7.375],"rotation":0,"texture":"#4","tintindex":0},"north":{"uv":[1.0,5.0,1.375,7.375],"rotation":0,"texture":"#4","tintindex":0},"down":{"uv":[0.875,7.75,0.5,8.0],"rotation":0,"texture":"#4","tintindex":0},"east":{"uv":[5.25,4.125,5.5,6.5],"rotation":0,"texture":"#4","tintindex":0},"west":{"uv":[5.5,4.125,5.25,6.5],"rotation":0,"texture":"#4","tintindex":0},"up":{"uv":[0.375,8.0,0.0,7.75],"rotation":0,"texture":"#4","tintindex":0}}},{"from":[11.144619,1.4301176,0.47129583],"to":[12.858904,2.5729747,12.471296],"rotation":{"angle":0.0,"axis":"y","origin":[11.430333,14.001547,8.185582]},"faces":{"south":{"uv":[7.75,1.875,8.125,2.125],"rotation":0,"texture":"#4","tintindex":0},"north":{"uv":[7.75,1.5,8.125,1.75],"rotation":0,"texture":"#4","tintindex":0},"down":{"uv":[5.125,4.125,4.75,6.75],"rotation":0,"texture":"#4","tintindex":0},"east":{"uv":[5.25,0.0,7.875,0.25],"rotation":0,"texture":"#4","tintindex":0},"west":{"uv":[7.875,0.0,5.25,0.25],"rotation":0,"texture":"#4","tintindex":0},"up":{"uv":[4.625,6.75,4.25,4.125],"rotation":0,"texture":"#4","tintindex":0}}},{"from":[11.704599,3.420065,12.265015],"to":[12.276028,12.5629225,18.55073],"rotation":{"angle":0.0,"axis":"y","origin":[11.430333,14.001547,12.75701]},"faces":{"south":{"uv":[5.25,6.625,5.375,8.625],"rotation":0,"texture":"#4","tintindex":0},"north":{"uv":[4.0,6.5,4.125,8.5],"rotation":0,"texture":"#4","tintindex":0},"down":{"uv":[7.25,5.25,7.125,6.625],"rotation":0,"texture":"#4","tintindex":0},"east":{"uv":[0.0,2.875,1.375,4.875],"rotation":0,"texture":"#4","tintindex":0},"west":{"uv":[1.375,2.875,0.0,4.875],"rotation":0,"texture":"#4","tintindex":0},"up":{"uv":[5.0,8.25,4.875,6.875],"rotation":0,"texture":"#4","tintindex":0}}},{"from":[11.144619,13.430119,0.47129583],"to":[12.858904,14.572975,12.471296],"rotation":{"angle":0.0,"axis":"y","origin":[11.430333,14.001547,8.185582]},"faces":{"south":{"uv":[7.75,2.625,8.125,2.875],"rotation":0,"texture":"#4","tintindex":0},"north":{"uv":[7.75,2.25,8.125,2.5],"rotation":0,"texture":"#4","tintindex":0},"down":{"uv":[0.875,5.0,0.5,7.625],"rotation":0,"texture":"#4","tintindex":0},"east":{"uv":[5.25,0.75,7.875,1.0],"rotation":0,"texture":"#4","tintindex":0},"west":{"uv":[7.875,0.75,5.25,1.0],"rotation":0,"texture":"#4","tintindex":0},"up":{"uv":[0.375,7.625,0.0,5.0],"rotation":0,"texture":"#4","tintindex":0}}},{"from":[11.704599,1.7057791,0.83644295],"to":[12.276028,14.277208,12.265015],"rotation":{"angle":0.0,"axis":"y","origin":[11.430333,14.001547,8.185582]},"faces":{"south":{"uv":[3.25,6.5,3.375,9.25],"rotation":0,"texture":"#4","tintindex":0},"north":{"uv":[3.0,6.5,3.125,9.25],"rotation":0,"texture":"#4","tintindex":0},"down":{"uv":[3.875,6.5,3.75,9.0],"rotation":0,"texture":"#4","tintindex":0},"east":{"uv":[0.0,0.0,2.5,2.75],"rotation":0,"texture":"#4","tintindex":0},"west":{"uv":[2.5,0.0,0.0,2.75],"rotation":0,"texture":"#4","tintindex":0},"up":{"uv":[3.625,9.0,3.5,6.5],"rotation":0,"texture":"#4","tintindex":0}}},{"from":[9.144619,6.8586893,3.0427246],"to":[11.430333,9.144403,4.7570105],"rotation":{"angle":0.0,"axis":"y","origin":[6.858904,14.001547,8.185582]},"faces":{"south":{"uv":[6.625,3.625,7.125,4.125],"rotation":0,"texture":"#4","tintindex":0},"north":{"uv":[6.625,3.0,7.125,3.5],"rotation":0,"texture":"#4","tintindex":0},"down":{"uv":[7.625,4.25,7.125,4.625],"rotation":0,"texture":"#4","tintindex":0},"east":{"uv":[6.5,7.0,6.875,7.5],"rotation":0,"texture":"#4","tintindex":0},"west":{"uv":[7.0,7.0,7.375,7.5],"rotation":0,"texture":"#4","tintindex":0},"up":{"uv":[7.625,4.625,7.125,4.25],"rotation":0,"texture":"#4","tintindex":0}}}],"display":{"head":{"translation":[0.0,-6.4,0.0],"scale":[4.0,4.0,4.0]}}}