{"textures":{"3":"modelengine:entity/blacksmith_spear"},"elements":[{"from":[7.142857,7.142857,-6.285713],"to":[8.857143,8.857143,29.714287],"rotation":{"angle":0.0,"axis":"y","origin":[8.428572,15.428572,13.714287]},"faces":{"south":{"uv":[3.5,2.0,3.875,2.375],"rotation":0,"texture":"#3","tintindex":0},"north":{"uv":[2.0,3.5,2.375,3.875],"rotation":0,"texture":"#3","tintindex":0},"down":{"uv":[2.875,1.0,2.5,8.875],"rotation":0,"texture":"#3","tintindex":0},"east":{"uv":[2.5,0.0,10.375,0.375],"rotation":0,"texture":"#3","tintindex":0},"west":{"uv":[10.375,0.0,2.5,0.375],"rotation":0,"texture":"#3","tintindex":0},"up":{"uv":[2.875,8.875,2.5,1.0],"rotation":0,"texture":"#3","tintindex":0}}},{"from":[8.0,4.285714,-16.0],"to":[8.0,11.714286,-5.1428566],"rotation":{"angle":0.0,"axis":"y","origin":[8.428572,15.428572,13.714287]},"faces":{"south":{"uv":[3.875,2.5,3.875,4.125],"rotation":0,"texture":"#3","tintindex":0},"north":{"uv":[3.75,2.5,3.75,4.125],"rotation":0,"texture":"#3","tintindex":0},"down":{"uv":[4.0,2.0,4.0,4.375],"rotation":0,"texture":"#3","tintindex":0},"east":{"uv":[0.0,0.0,2.375,1.625],"rotation":0,"texture":"#3","tintindex":0},"west":{"uv":[2.375,0.0,0.0,1.625],"rotation":0,"texture":"#3","tintindex":0},"up":{"uv":[2.0,6.375,2.0,4.0],"rotation":0,"texture":"#3","tintindex":0}}}],"display":{"head":{"translation":[0.0,-6.4,-22.857147],"scale":[4.0,4.0,4.0]}}}