{"textures":{"2":"modelengine:entity/blacksmith_sword"},"elements":[{"from":[7.714286,5.8571424,-10.8571415],"to":[8.285714,9.857143,8.000002],"rotation":{"angle":0.0,"axis":"y","origin":[8.142858,15.0,14.285716]},"faces":{"south":{"uv":[5.625,5.625,5.875,6.5],"rotation":0,"texture":"#2","tintindex":0},"north":{"uv":[5.625,4.625,5.875,5.5],"rotation":0,"texture":"#2","tintindex":0},"down":{"uv":[4.875,3.0,4.625,7.125],"rotation":0,"texture":"#2","tintindex":0},"east":{"uv":[0.0,3.0,4.125,3.875],"rotation":0,"texture":"#2","tintindex":0},"west":{"uv":[4.125,3.0,0.0,3.875],"rotation":0,"texture":"#2","tintindex":0},"up":{"uv":[4.5,7.125,4.25,3.0],"rotation":0,"texture":"#2","tintindex":0}}},{"from":[6.857143,5.285714,8.000002],"to":[9.142858,10.428572,10.857144],"rotation":{"angle":0.0,"axis":"y","origin":[8.142858,15.0,14.285716]},"faces":{"south":{"uv":[0.625,5.625,1.125,6.75],"rotation":0,"texture":"#2","tintindex":0},"north":{"uv":[0.0,5.625,0.5,6.75],"rotation":0,"texture":"#2","tintindex":0},"down":{"uv":[2.375,5.625,1.875,6.25],"rotation":0,"texture":"#2","tintindex":0},"east":{"uv":[5.375,0.0,6.0,1.125],"rotation":0,"texture":"#2","tintindex":0},"west":{"uv":[6.0,0.0,5.375,1.125],"rotation":0,"texture":"#2","tintindex":0},"up":{"uv":[1.75,6.25,1.25,5.625],"rotation":0,"texture":"#2","tintindex":0}}},{"from":[8.0,4.714286,-16.0],"to":[8.0,11.0,8.000002],"rotation":{"angle":0.0,"axis":"y","origin":[8.142858,15.0,14.285716]},"faces":{"south":{"uv":[2.375,6.375,2.375,7.75],"rotation":0,"texture":"#2","tintindex":0},"north":{"uv":[4.125,5.625,4.125,7.0],"rotation":0,"texture":"#2","tintindex":0},"down":{"uv":[5.625,6.625,5.625,11.875],"rotation":0,"texture":"#2","tintindex":0},"east":{"uv":[0.0,0.0,5.25,1.375],"rotation":0,"texture":"#2","tintindex":0},"west":{"uv":[5.25,0.0,0.0,1.375],"rotation":0,"texture":"#2","tintindex":0},"up":{"uv":[4.0,11.625,4.0,6.375],"rotation":0,"texture":"#2","tintindex":0}}},{"from":[7.428571,2.4285712,8.000002],"to":[8.571428,5.285714,9.714287],"rotation":{"angle":0.0,"axis":"y","origin":[8.142858,15.0,14.285716]},"faces":{"south":{"uv":[2.0,6.375,2.25,7.0],"rotation":0,"texture":"#2","tintindex":0},"north":{"uv":[1.625,6.375,1.875,7.0],"rotation":0,"texture":"#2","tintindex":0},"down":{"uv":[6.5,2.625,6.25,3.0],"rotation":0,"texture":"#2","tintindex":0},"east":{"uv":[3.125,5.625,3.5,6.25],"rotation":0,"texture":"#2","tintindex":0},"west":{"uv":[3.5,5.625,3.125,6.25],"rotation":0,"texture":"#2","tintindex":0},"up":{"uv":[6.375,4.375,6.125,4.0],"rotation":0,"texture":"#2","tintindex":0}}},{"from":[7.428571,10.428572,8.000002],"to":[8.571428,13.285715,9.714287],"rotation":{"angle":0.0,"axis":"y","origin":[8.142858,15.0,14.285716]},"faces":{"south":{"uv":[3.25,6.375,3.5,7.0],"rotation":0,"texture":"#2","tintindex":0},"north":{"uv":[2.875,6.375,3.125,7.0],"rotation":0,"texture":"#2","tintindex":0},"down":{"uv":[6.625,4.5,6.375,4.875],"rotation":0,"texture":"#2","tintindex":0},"east":{"uv":[3.625,5.625,4.0,6.25],"rotation":0,"texture":"#2","tintindex":0},"west":{"uv":[4.0,5.625,3.625,6.25],"rotation":0,"texture":"#2","tintindex":0},"up":{"uv":[3.875,6.75,3.625,6.375],"rotation":0,"texture":"#2","tintindex":0}}},{"from":[6.857143,6.714286,10.857144],"to":[9.142858,9.0,20.000002],"rotation":{"angle":0.0,"axis":"y","origin":[8.142858,15.0,14.285716]},"faces":{"south":{"uv":[5.625,2.5,6.125,3.0],"rotation":0,"texture":"#2","tintindex":0},"north":{"uv":[5.625,2.5,6.125,3.0],"rotation":0,"texture":"#2","tintindex":0},"down":{"uv":[5.5,5.0,5.0,3.0],"rotation":0,"texture":"#2","tintindex":0},"east":{"uv":[0.0,5.0,2.0,5.5],"rotation":0,"texture":"#2","tintindex":0},"west":{"uv":[0.0,5.0,2.0,5.5],"rotation":0,"texture":"#2","tintindex":0},"up":{"uv":[5.5,5.0,5.0,3.0],"rotation":0,"texture":"#2","tintindex":0}}},{"from":[7.428571,6.142857,20.57143],"to":[8.571428,9.571428,21.714287],"rotation":{"angle":0.0,"axis":"y","origin":[8.142858,15.0,14.285716]},"faces":{"south":{"uv":[6.125,0.0,6.375,0.75],"rotation":0,"texture":"#2","tintindex":0},"north":{"uv":[6.0,4.625,6.25,5.375],"rotation":0,"texture":"#2","tintindex":0},"down":{"uv":[6.625,5.375,6.375,5.625],"rotation":0,"texture":"#2","tintindex":0},"east":{"uv":[6.0,5.5,6.25,6.25],"rotation":0,"texture":"#2","tintindex":0},"west":{"uv":[6.25,5.5,6.0,6.25],"rotation":0,"texture":"#2","tintindex":0},"up":{"uv":[6.625,5.25,6.375,5.0],"rotation":0,"texture":"#2","tintindex":0}}},{"from":[7.428571,8.428572,19.428574],"to":[8.571428,9.571428,20.57143],"rotation":{"angle":0.0,"axis":"y","origin":[8.142858,15.0,14.285716]},"faces":{"south":{"uv":[6.375,6.125,6.625,6.375],"rotation":0,"texture":"#2","tintindex":0},"north":{"uv":[6.375,5.75,6.625,6.0],"rotation":0,"texture":"#2","tintindex":0},"down":{"uv":[6.75,0.75,6.5,1.0],"rotation":0,"texture":"#2","tintindex":0},"east":{"uv":[6.0,6.375,6.25,6.625],"rotation":0,"texture":"#2","tintindex":0},"west":{"uv":[6.25,6.375,6.0,6.625],"rotation":0,"texture":"#2","tintindex":0},"up":{"uv":[6.75,0.625,6.5,0.375],"rotation":0,"texture":"#2","tintindex":0}}},{"from":[7.428571,6.142857,18.285717],"to":[8.571428,9.571428,19.428574],"rotation":{"angle":0.0,"axis":"y","origin":[8.142858,15.0,14.285716]},"faces":{"south":{"uv":[2.5,6.25,2.75,7.0],"rotation":0,"texture":"#2","tintindex":0},"north":{"uv":[6.125,3.125,6.375,3.875],"rotation":0,"texture":"#2","tintindex":0},"down":{"uv":[6.75,3.125,6.5,3.375],"rotation":0,"texture":"#2","tintindex":0},"east":{"uv":[6.25,1.75,6.5,2.5],"rotation":0,"texture":"#2","tintindex":0},"west":{"uv":[6.5,1.75,6.25,2.5],"rotation":0,"texture":"#2","tintindex":0},"up":{"uv":[6.75,1.375,6.5,1.125],"rotation":0,"texture":"#2","tintindex":0}}},{"from":[7.428571,6.142857,19.428574],"to":[8.571428,7.285714,20.57143],"rotation":{"angle":0.0,"axis":"y","origin":[8.142858,15.0,14.285716]},"faces":{"south":{"uv":[6.375,6.5,6.625,6.75],"rotation":0,"texture":"#2","tintindex":0},"north":{"uv":[6.5,3.5,6.75,3.75],"rotation":0,"texture":"#2","tintindex":0},"down":{"uv":[6.875,2.25,6.625,2.5],"rotation":0,"texture":"#2","tintindex":0},"east":{"uv":[6.5,3.875,6.75,4.125],"rotation":0,"texture":"#2","tintindex":0},"west":{"uv":[6.5,3.875,6.75,4.125],"rotation":0,"texture":"#2","tintindex":0},"up":{"uv":[6.875,2.125,6.625,1.875],"rotation":0,"texture":"#2","tintindex":0}}}],"display":{"head":{"translation":[0.0,-6.4,-24.000008],"scale":[4.0,4.0,4.0]}}}