{"textures":{"0":"modelengine:entity/dwarf_blacksmith"},"elements":[{"from":[3.4017854,7.9201303,4.983726],"to":[12.544643,13.634417,10.698012],"rotation":{"angle":0.0,"axis":"y","origin":[4.258929,10.341558,5.2551546]},"faces":{"south":{"uv":[3.3125,0.6875,4.3125,1.3125],"rotation":0,"texture":"#0","tintindex":0},"north":{"uv":[0.0,3.1875,1.0,3.8125],"rotation":0,"texture":"#0","tintindex":0},"down":{"uv":[4.4375,2.0625,3.4375,2.6875],"rotation":0,"texture":"#0","tintindex":0},"east":{"uv":[4.375,3.4375,5.0,4.0625],"rotation":0,"texture":"#0","tintindex":0},"west":{"uv":[4.375,4.125,5.0,4.75],"rotation":0,"texture":"#0","tintindex":0},"up":{"uv":[4.4375,2.0,3.4375,1.375],"rotation":0,"texture":"#0","tintindex":0}}},{"from":[2.830357,7.9487014,4.383726],"to":[13.116072,10.234416,11.2408695],"rotation":{"angle":0.0,"axis":"y","origin":[4.258929,10.341558,5.2551546]},"faces":{"south":{"uv":[5.6875,4.875,6.8125,5.125],"rotation":0,"texture":"#0","tintindex":0},"north":{"uv":[5.6875,4.875,6.8125,5.125],"rotation":0,"texture":"#0","tintindex":0},"down":{"uv":[3.375,2.625,2.25,1.875],"rotation":0,"texture":"#0","tintindex":0},"east":{"uv":[7.25,0.0,8.0,0.25],"rotation":0,"texture":"#0","tintindex":0},"west":{"uv":[7.25,3.3125,8.0,3.5625],"rotation":0,"texture":"#0","tintindex":0},"up":{"uv":[3.375,2.625,2.25,1.875],"rotation":0,"texture":"#0","tintindex":0}}}],"display":{"head":{"translation":[0.0,-6.4,0.0],"scale":[4.0,4.0,4.0]}}}