{"textures":{"0":"modelengine:entity/dwarf_blacksmith"},"elements":[{"from":[7.142857,7.1363015,0.7997894],"to":[8.857143,8.850588,15.085505],"rotation":{"angle":0.0,"axis":"y","origin":[11.428572,9.414873,5.671218]},"faces":{"south":{"uv":[3.625,9.1875,3.8125,9.375],"rotation":0,"texture":"#0","tintindex":0},"north":{"uv":[2.5,9.1875,2.6875,9.375],"rotation":0,"texture":"#0","tintindex":0},"down":{"uv":[0.5625,5.75,0.375,7.3125],"rotation":0,"texture":"#0","tintindex":0},"east":{"uv":[5.25,0.6875,6.8125,0.875],"rotation":0,"texture":"#0","tintindex":0},"west":{"uv":[5.6875,4.625,7.25,4.8125],"rotation":0,"texture":"#0","tintindex":0},"up":{"uv":[3.4375,7.25,3.25,5.6875],"rotation":0,"texture":"#0","tintindex":0}}},{"from":[6.0,6.564873,-3.7716398],"to":[10.0,9.422016,0.7997894],"rotation":{"angle":0.0,"axis":"y","origin":[11.428572,9.414873,5.671218]},"faces":{"south":{"uv":[1.6875,8.125,2.125,8.4375],"rotation":0,"texture":"#0","tintindex":0},"north":{"uv":[1.1875,8.125,1.625,8.4375],"rotation":0,"texture":"#0","tintindex":0},"down":{"uv":[4.8125,6.75,4.375,7.25],"rotation":0,"texture":"#0","tintindex":0},"east":{"uv":[7.625,5.9375,8.125,6.25],"rotation":0,"texture":"#0","tintindex":0},"west":{"uv":[1.1875,7.75,1.6875,8.0625],"rotation":0,"texture":"#0","tintindex":0},"up":{"uv":[1.0,4.375,0.5625,3.875],"rotation":0,"texture":"#0","tintindex":0}}},{"from":[5.428571,1.9934444,-4.343068],"to":[10.571428,6.564873,1.3712182],"rotation":{"angle":0.0,"axis":"y","origin":[11.428572,9.414873,5.671218]},"faces":{"south":{"uv":[1.25,6.0,1.8125,6.5],"rotation":0,"texture":"#0","tintindex":0},"north":{"uv":[0.625,5.8125,1.1875,6.3125],"rotation":0,"texture":"#0","tintindex":0},"down":{"uv":[3.5,5.0,2.9375,5.625],"rotation":0,"texture":"#0","tintindex":0},"east":{"uv":[4.6875,5.625,5.3125,6.125],"rotation":0,"texture":"#0","tintindex":0},"west":{"uv":[5.375,5.625,6.0,6.125],"rotation":0,"texture":"#0","tintindex":0},"up":{"uv":[5.0,5.4375,4.4375,4.8125],"rotation":0,"texture":"#0","tintindex":0}}},{"from":[7.142857,9.279159,-2.7716398],"to":[8.857143,14.422016,-1.057353],"rotation":{"angle":22.5,"axis":"x","origin":[8.0,11.850588,-2.9144964]},"faces":{"south":{"uv":[2.5,8.5625,2.6875,9.125],"rotation":0,"texture":"#0","tintindex":0},"north":{"uv":[0.625,8.5625,0.8125,9.125],"rotation":0,"texture":"#0","tintindex":0},"down":{"uv":[6.25,9.1875,6.0625,9.375],"rotation":0,"texture":"#0","tintindex":0},"east":{"uv":[0.875,8.5625,1.0625,9.125],"rotation":0,"texture":"#0","tintindex":0},"west":{"uv":[3.625,8.5625,3.8125,9.125],"rotation":0,"texture":"#0","tintindex":0},"up":{"uv":[9.375,4.875,9.1875,4.6875],"rotation":0,"texture":"#0","tintindex":0}}},{"from":[4.8571424,0.85058737,-4.9144964],"to":[11.142858,1.9934444,1.942647],"rotation":{"angle":0.0,"axis":"y","origin":[11.428572,9.414873,5.671218]},"faces":{"south":{"uv":[8.875,4.0,9.5625,4.125],"rotation":0,"texture":"#0","tintindex":0},"north":{"uv":[8.875,4.0,9.5625,4.125],"rotation":0,"texture":"#0","tintindex":0},"down":{"uv":[1.75,3.625,1.0625,4.375],"rotation":0,"texture":"#0","tintindex":0},"east":{"uv":[8.75,6.5,9.5,6.625],"rotation":0,"texture":"#0","tintindex":0},"west":{"uv":[8.8125,0.0,9.5625,0.125],"rotation":0,"texture":"#0","tintindex":0},"up":{"uv":[3.75,4.25,3.0625,3.5],"rotation":0,"texture":"#0","tintindex":0}}},{"from":[7.428571,9.422016,-2.057354],"to":[8.571428,12.27916,0.7997894],"rotation":{"angle":0.0,"axis":"y","origin":[8.0,11.564873,-1.2002106]},"faces":{"south":{"uv":[5.5625,9.125,5.6875,9.4375],"rotation":0,"texture":"#0","tintindex":0},"north":{"uv":[5.375,9.125,5.5,9.4375],"rotation":0,"texture":"#0","tintindex":0},"down":{"uv":[9.25,6.125,9.125,6.4375],"rotation":0,"texture":"#0","tintindex":0},"east":{"uv":[8.75,1.0,9.0625,1.3125],"rotation":0,"texture":"#0","tintindex":0},"west":{"uv":[4.6875,8.75,5.0,9.0625],"rotation":0,"texture":"#0","tintindex":0},"up":{"uv":[9.25,6.0625,9.125,5.75],"rotation":0,"texture":"#0","tintindex":0}}},{"from":[6.857143,7.1363015,13.942648],"to":[9.142858,9.993444,16.79979],"rotation":{"angle":-45.0,"axis":"x","origin":[8.0,7.9934444,15.942648]},"faces":{"south":{"uv":[8.0,8.875,8.25,9.1875],"rotation":0,"texture":"#0","tintindex":0},"north":{"uv":[1.75,8.875,2.0,9.1875],"rotation":0,"texture":"#0","tintindex":0},"down":{"uv":[3.0,8.9375,2.75,9.25],"rotation":0,"texture":"#0","tintindex":0},"east":{"uv":[5.5,8.75,5.8125,9.0625],"rotation":0,"texture":"#0","tintindex":0},"west":{"uv":[8.75,5.75,9.0625,6.0625],"rotation":0,"texture":"#0","tintindex":0},"up":{"uv":[8.5625,9.1875,8.3125,8.875],"rotation":0,"texture":"#0","tintindex":0}}}],"display":{"head":{"translation":[0.0,-6.4,0.0],"scale":[4.0,4.0,4.0]}}}