{
  "parent": "minecraft:item/generated",
  "textures": {
    "layer0": "minecraft:item/ghast_tear"
  },
  "overrides": [
    {
      "predicate": { "custom_model_data": 5001 },
      "model": "reallyworld:item/shard/s_wind_shard"
    },
    {
      "predicate": { "custom_model_data": 5002 },
      "model": "reallyworld:item/shard/s_terra_shard"
    },
    {
      "predicate": { "custom_model_data": 5003 },
      "model": "reallyworld:item/shard/s_fire_shard"
    },
    {
      "predicate": { "custom_model_data": 5004 },
      "model": "reallyworld:item/shard/s_light_shard"
    },
    {
      "predicate": { "custom_model_data": 5005 },
      "model": "reallyworld:item/shard/s_water_shard"
    },
    {
      "predicate": { "custom_model_data": 5006 },
      "model": "reallyworld:item/shard/s_order_shard"
    },
    {
      "predicate": { "custom_model_data": 5007 },
      "model": "reallyworld:item/shard/s_chaos_shard"
    },
    {
      "predicate": { "custom_model_data": 5101 },
      "model": "reallyworld:item/shard/h_bunny_shard"
    },
    {
      "predicate": { "custom_model_data": 5102 },
      "model": "reallyworld:item/shard/h_cobra_shard"
    },
    {
      "predicate": { "custom_model_data": 5103 },
      "model": "reallyworld:item/shard/h_helper_shard"
    },
    {
      "predicate": { "custom_model_data": 5104 },
      "model": "reallyworld:item/shard/h_hydra_shard"
    },
    {
      "predicate": { "custom_model_data": 5105 },
      "model": "reallyworld:item/shard/h_luci_shard"
    },
    {
      "predicate": { "custom_model_data": 5106 },
      "model": "reallyworld:item/shard/h_pasha_shard"
    },
    {
      "predicate": { "custom_model_data": 5107 },
      "model": "reallyworld:item/shard/h_tiger_shard"
    },
    {
      "predicate": { "custom_model_data": 5108 },
      "model": "reallyworld:item/shard/h_solar_shard"
    },
    {
      "predicate": { "custom_model_data": 5109 },
      "model": "reallyworld:item/shard/h_legendary_shard"
    },
    {
      "predicate": { "custom_model_data": 5110 },
      "model": "reallyworld:item/shard/h_lime_shard"
    },
    {
      "predicate": { "custom_model_data": 5111 },
      "model": "reallyworld:item/shard/h_rain_shard"
    },
    {
      "predicate": { "custom_model_data": 5112 },
      "model": "reallyworld:item/shard/h_sakura_shard"
    },
    {
      "predicate": { "custom_model_data": 5113 },
      "model": "reallyworld:item/shard/h_god_shard"
    }
  ]
}
