{"textures":{"0":"modelengine:entity/ghoul_texture"},"elements":[{"from":[5.043996,6.0883093,0.22647095],"to":[10.758282,11.802595,8.7979],"rotation":{"angle":0.0,"axis":"y","origin":[5.32971,1.8367472,3.9889393]},"faces":{"south":{"uv":[4.625,2.625,5.875,3.875],"rotation":0,"texture":"#0","tintindex":0},"north":{"uv":[4.625,1.25,5.875,2.5],"rotation":0,"texture":"#0","tintindex":0},"down":{"uv":[3.25,2.0,2.0,3.875],"rotation":0,"texture":"#0","tintindex":0},"east":{"uv":[0.0,0.0,1.875,1.25],"rotation":0,"texture":"#0","tintindex":0},"west":{"uv":[0.0,1.375,1.875,2.625],"rotation":0,"texture":"#0","tintindex":0},"up":{"uv":[3.25,1.875,2.0,0.0],"rotation":0,"texture":"#0","tintindex":0}}}],"display":{"head":{"translation":[0.0,-6.4,0.0],"scale":[4.0,4.0,4.0]}}}