{"textures":{"0":"modelengine:entity/ghoul_texture"},"elements":[{"from":[5.428571,3.6391945,3.838416],"to":[10.571428,5.3534803,8.981274],"rotation":{"angle":-45.0,"axis":"x","origin":[8.0,5.5058527,5.250554]},"faces":{"south":{"uv":[8.5,0.0,9.625,0.375],"rotation":0,"texture":"#0","tintindex":0},"north":{"uv":[8.375,2.375,9.5,2.75],"rotation":0,"texture":"#0","tintindex":0},"down":{"uv":[4.75,5.625,3.625,6.75],"rotation":0,"texture":"#0","tintindex":0},"east":{"uv":[8.375,2.875,9.5,3.25],"rotation":0,"texture":"#0","tintindex":0},"west":{"uv":[8.5,0.5,9.625,0.875],"rotation":0,"texture":"#0","tintindex":0},"up":{"uv":[2.375,6.75,1.25,5.625],"rotation":0,"texture":"#0","tintindex":0}}},{"from":[5.428571,5.3534803,3.8527021],"to":[10.571428,6.4963374,3.8527021],"rotation":{"angle":-45.0,"axis":"x","origin":[8.0,5.5058527,5.250554]},"faces":{"south":{"uv":[9.75,4.25,8.625,4.5],"rotation":0,"texture":"#0","tintindex":0},"north":{"uv":[8.625,4.25,9.75,4.5],"rotation":0,"texture":"#0","tintindex":0},"down":{"uv":[9.75,9.75,8.625,9.75],"rotation":0,"texture":"#0","tintindex":0},"east":{"uv":[8.5,9.625,8.5,9.875],"rotation":0,"texture":"#0","tintindex":0},"west":{"uv":[2.875,9.75,2.875,10.0],"rotation":0,"texture":"#0","tintindex":0},"up":{"uv":[5.875,9.75,4.75,9.75],"rotation":0,"texture":"#0","tintindex":0}}},{"from":[5.442857,5.3534803,3.838416],"to":[5.442857,6.4963374,7.266988],"rotation":{"angle":-45.0,"axis":"x","origin":[8.0,5.5058527,5.250554]},"faces":{"south":{"uv":[7.25,9.75,7.25,10.0],"rotation":0,"texture":"#0","tintindex":0},"north":{"uv":[3.0,9.75,3.0,10.0],"rotation":0,"texture":"#0","tintindex":0},"down":{"uv":[7.5,9.75,7.5,10.5],"rotation":0,"texture":"#0","tintindex":0},"east":{"uv":[3.0,9.375,2.25,9.625],"rotation":0,"texture":"#0","tintindex":0},"west":{"uv":[2.25,9.375,3.0,9.625],"rotation":0,"texture":"#0","tintindex":0},"up":{"uv":[7.375,10.5,7.375,9.75],"rotation":0,"texture":"#0","tintindex":0}}},{"from":[10.557143,5.3534803,3.838416],"to":[10.557143,6.4963374,7.266988],"rotation":{"angle":-45.0,"axis":"x","origin":[8.0,5.5058527,5.250554]},"faces":{"south":{"uv":[7.25,9.75,7.25,10.0],"rotation":0,"texture":"#0","tintindex":0},"north":{"uv":[3.0,9.75,3.0,10.0],"rotation":0,"texture":"#0","tintindex":0},"down":{"uv":[7.5,9.75,7.5,10.5],"rotation":0,"texture":"#0","tintindex":0},"east":{"uv":[3.0,9.375,2.25,9.625],"rotation":0,"texture":"#0","tintindex":0},"west":{"uv":[2.25,9.375,3.0,9.625],"rotation":0,"texture":"#0","tintindex":0},"up":{"uv":[7.375,10.5,7.375,9.75],"rotation":0,"texture":"#0","tintindex":0}}}],"display":{"head":{"translation":[0.0,-6.4,0.0],"scale":[4.0,4.0,4.0]}}}