{"textures":{"0":"modelengine:entity/ghoul_texture"},"elements":[{"from":[8.285714,6.714286,7.714286],"to":[9.428572,8.428572,8.285714],"rotation":{"angle":45.0,"axis":"z","origin":[8.571428,6.857143,7.8428574]},"faces":{"south":{"uv":[8.125,9.625,8.375,10.0],"rotation":0,"texture":"#0","tintindex":0},"north":{"uv":[7.75,9.625,8.0,10.0],"rotation":0,"texture":"#0","tintindex":0},"down":{"uv":[1.125,9.75,0.875,9.875],"rotation":0,"texture":"#0","tintindex":0},"east":{"uv":[2.25,7.5,2.375,7.875],"rotation":0,"texture":"#0","tintindex":0},"west":{"uv":[7.75,9.125,7.875,9.5],"rotation":0,"texture":"#0","tintindex":0},"up":{"uv":[10.0,0.875,9.75,0.75],"rotation":0,"texture":"#0","tintindex":0}}},{"from":[7.142857,5.5714283,8.0],"to":[9.428572,6.714286,8.0],"rotation":{"angle":45.0,"axis":"z","origin":[8.571428,6.857143,8.1285715]},"faces":{"south":{"uv":[10.125,2.625,9.625,2.875],"rotation":0,"texture":"#0","tintindex":0},"north":{"uv":[9.625,2.625,10.125,2.875],"rotation":0,"texture":"#0","tintindex":0},"down":{"uv":[10.375,4.5,9.875,4.5],"rotation":0,"texture":"#0","tintindex":0},"east":{"uv":[5.375,9.875,5.375,10.125],"rotation":0,"texture":"#0","tintindex":0},"west":{"uv":[5.5,9.875,5.5,10.125],"rotation":0,"texture":"#0","tintindex":0},"up":{"uv":[10.375,4.375,9.875,4.375],"rotation":0,"texture":"#0","tintindex":0}}}],"display":{"head":{"translation":[0.0,-6.4,0.0],"scale":[4.0,4.0,4.0]}}}