{"textures":{"0":"modelengine:entity/ghoul_texture"},"elements":[{"from":[6.991071,7.371469,1.9169722],"to":[9.848214,13.085754,5.9169726],"rotation":{"angle":45.0,"axis":"x","origin":[8.419642,5.143974,0.6166682]},"faces":{"south":{"uv":[5.75,7.5,6.375,8.75],"rotation":0,"texture":"#0","tintindex":0},"north":{"uv":[5.75,7.5,6.375,8.75],"rotation":0,"texture":"#0","tintindex":0},"down":{"uv":[3.125,4.875,2.5,4.0],"rotation":0,"texture":"#0","tintindex":0},"east":{"uv":[1.25,6.875,2.125,8.125],"rotation":0,"texture":"#0","tintindex":0},"west":{"uv":[1.25,6.875,2.125,8.125],"rotation":0,"texture":"#0","tintindex":0},"up":{"uv":[3.125,4.875,2.5,4.0],"rotation":0,"texture":"#0","tintindex":0}}}],"display":{"head":{"translation":[0.0,-6.4,0.0],"scale":[4.0,4.0,4.0]}}}