{"textures":{"0":"modelengine:entity/ghoul_texture"},"elements":[{"from":[7.130272,2.550624,7.0444446],"to":[8.844558,8.26491,9.330159],"rotation":{"angle":0.0,"axis":"y","origin":[8.7017,2.7110014,4.9332113]},"faces":{"south":{"uv":[8.125,1.0,8.5,2.25],"rotation":0,"texture":"#0","tintindex":0},"north":{"uv":[8.125,1.0,8.5,2.25],"rotation":0,"texture":"#0","tintindex":0},"down":{"uv":[7.625,9.625,7.25,9.125],"rotation":0,"texture":"#0","tintindex":0},"east":{"uv":[2.875,8.0,3.375,9.25],"rotation":0,"texture":"#0","tintindex":0},"west":{"uv":[2.875,8.0,3.375,9.25],"rotation":0,"texture":"#0","tintindex":0},"up":{"uv":[7.625,9.625,7.25,9.125],"rotation":0,"texture":"#0","tintindex":0}}}],"display":{"head":{"translation":[0.0,-6.4,0.0],"scale":[4.0,4.0,4.0]}}}