{"textures":{"0":"modelengine:entity/ghoul_texture"},"elements":[{"from":[6.589286,6.6796227,4.369398],"to":[9.403571,7.8224797,7.7979693],"rotation":{"angle":0.0,"axis":"y","origin":[7.7178574,7.2510514,7.226541]},"faces":{"south":{"uv":[9.375,8.0,10.0,8.25],"rotation":0,"texture":"#0","tintindex":0},"north":{"uv":[0.5,9.375,1.125,9.625],"rotation":0,"texture":"#0","tintindex":0},"down":{"uv":[8.625,7.875,8.0,8.625],"rotation":0,"texture":"#0","tintindex":0},"east":{"uv":[9.25,3.375,10.0,3.625],"rotation":0,"texture":"#0","tintindex":0},"west":{"uv":[3.5,9.25,4.25,9.5],"rotation":0,"texture":"#0","tintindex":0},"up":{"uv":[5.375,8.75,4.75,8.0],"rotation":0,"texture":"#0","tintindex":0}}},{"from":[6.575,6.428571,7.191878],"to":[9.432143,7.5714283,9.477592],"rotation":{"angle":-45.0,"axis":"x","origin":[7.7178574,7.285714,7.191878]},"faces":{"south":{"uv":[8.625,9.375,9.25,9.625],"rotation":0,"texture":"#0","tintindex":0},"north":{"uv":[9.375,8.375,10.0,8.625],"rotation":0,"texture":"#0","tintindex":0},"down":{"uv":[6.625,8.875,6.0,9.375],"rotation":0,"texture":"#0","tintindex":0},"east":{"uv":[3.5,9.625,4.0,9.875],"rotation":0,"texture":"#0","tintindex":0},"west":{"uv":[6.625,9.625,7.125,9.875],"rotation":0,"texture":"#0","tintindex":0},"up":{"uv":[4.25,5.5,3.625,5.0],"rotation":0,"texture":"#0","tintindex":0}}}],"display":{"head":{"translation":[0.0,-6.4,0.0],"scale":[4.0,4.0,4.0]}}}