{"textures":{"0":"modelengine:entity/ghoul_texture"},"elements":[{"from":[4.2582855,2.126,6.321585],"to":[6.5439997,7.840286,9.750156],"rotation":{"angle":-22.5,"axis":"z","origin":[8.611418,2.602158,8.941196]},"faces":{"south":{"uv":[0.0,8.0,0.5,9.25],"rotation":0,"texture":"#0","tintindex":0},"north":{"uv":[0.0,8.0,0.5,9.25],"rotation":0,"texture":"#0","tintindex":0},"down":{"uv":[9.25,7.25,8.75,8.0],"rotation":0,"texture":"#0","tintindex":0},"east":{"uv":[7.25,1.125,8.0,2.375],"rotation":0,"texture":"#0","tintindex":0},"west":{"uv":[7.25,1.125,8.0,2.375],"rotation":0,"texture":"#0","tintindex":0},"up":{"uv":[9.125,4.125,8.625,3.375],"rotation":0,"texture":"#0","tintindex":0}}}],"display":{"head":{"translation":[0.0,-6.4,0.0],"scale":[4.0,4.0,4.0]}}}