{"textures":{"0":"modelengine:entity/ghoul_texture"},"elements":[{"from":[7.145238,1.447051,6.3451324],"to":[8.859524,6.5899086,8.630847],"rotation":{"angle":-22.5,"axis":"x","origin":[8.57381,8.374442,3.1319075]},"faces":{"south":{"uv":[8.5,6.0,8.875,7.125],"rotation":0,"texture":"#0","tintindex":0},"north":{"uv":[8.5,6.0,8.875,7.125],"rotation":0,"texture":"#0","tintindex":0},"down":{"uv":[9.5,1.5,9.125,1.0],"rotation":0,"texture":"#0","tintindex":0},"east":{"uv":[4.125,8.0,4.625,9.125],"rotation":0,"texture":"#0","tintindex":0},"west":{"uv":[4.125,8.0,4.625,9.125],"rotation":0,"texture":"#0","tintindex":0},"up":{"uv":[9.5,1.5,9.125,1.0],"rotation":0,"texture":"#0","tintindex":0}}}],"display":{"head":{"translation":[0.0,-6.4,0.0],"scale":[4.0,4.0,4.0]}}}