{"textures":{"0":"modelengine:entity/ghoul_texture"},"elements":[{"from":[6.151786,7.371469,1.9169722],"to":[9.008928,13.085754,5.9169726],"rotation":{"angle":45.0,"axis":"x","origin":[7.580357,5.143974,0.6166682]},"faces":{"south":{"uv":[6.375,7.5,5.75,8.75],"rotation":0,"texture":"#0","tintindex":0},"north":{"uv":[6.375,7.5,5.75,8.75],"rotation":0,"texture":"#0","tintindex":0},"down":{"uv":[2.5,4.875,3.125,4.0],"rotation":0,"texture":"#0","tintindex":0},"east":{"uv":[2.125,6.875,1.25,8.125],"rotation":0,"texture":"#0","tintindex":0},"west":{"uv":[2.125,6.875,1.25,8.125],"rotation":0,"texture":"#0","tintindex":0},"up":{"uv":[2.5,4.875,3.125,4.0],"rotation":0,"texture":"#0","tintindex":0}}}],"display":{"head":{"translation":[0.0,-6.4,0.0],"scale":[4.0,4.0,4.0]}}}