{"textures":{"0":"modelengine:entity/ghoul_texture"},"elements":[{"from":[9.456,2.126,6.321585],"to":[11.7417145,7.840286,9.750156],"rotation":{"angle":22.5,"axis":"z","origin":[7.3885827,2.602158,8.941196]},"faces":{"south":{"uv":[0.5,8.0,0.0,9.25],"rotation":0,"texture":"#0","tintindex":0},"north":{"uv":[0.5,8.0,0.0,9.25],"rotation":0,"texture":"#0","tintindex":0},"down":{"uv":[8.75,7.25,9.25,8.0],"rotation":0,"texture":"#0","tintindex":0},"east":{"uv":[8.0,1.125,7.25,2.375],"rotation":0,"texture":"#0","tintindex":0},"west":{"uv":[8.0,1.125,7.25,2.375],"rotation":0,"texture":"#0","tintindex":0},"up":{"uv":[8.625,4.125,9.125,3.375],"rotation":0,"texture":"#0","tintindex":0}}}],"display":{"head":{"translation":[0.0,-6.4,0.0],"scale":[4.0,4.0,4.0]}}}