{"textures":{"0":"modelengine:entity/ghoul_texture"},"elements":[{"from":[6.5964284,6.6796227,4.369398],"to":[9.410714,7.8224797,7.7979693],"rotation":{"angle":0.0,"axis":"y","origin":[8.282143,7.2510514,7.226541]},"faces":{"south":{"uv":[10.0,8.0,9.375,8.25],"rotation":0,"texture":"#0","tintindex":0},"north":{"uv":[1.125,9.375,0.5,9.625],"rotation":0,"texture":"#0","tintindex":0},"down":{"uv":[8.0,7.875,8.625,8.625],"rotation":0,"texture":"#0","tintindex":0},"east":{"uv":[4.25,9.25,3.5,9.5],"rotation":0,"texture":"#0","tintindex":0},"west":{"uv":[10.0,3.375,9.25,3.625],"rotation":0,"texture":"#0","tintindex":0},"up":{"uv":[4.75,8.75,5.375,8.0],"rotation":0,"texture":"#0","tintindex":0}}},{"from":[6.5678573,6.428571,7.191878],"to":[9.425,7.5714283,9.477592],"rotation":{"angle":-45.0,"axis":"x","origin":[8.282143,7.285714,7.191878]},"faces":{"south":{"uv":[9.25,9.375,8.625,9.625],"rotation":0,"texture":"#0","tintindex":0},"north":{"uv":[10.0,8.375,9.375,8.625],"rotation":0,"texture":"#0","tintindex":0},"down":{"uv":[6.0,8.875,6.625,9.375],"rotation":0,"texture":"#0","tintindex":0},"east":{"uv":[7.125,9.625,6.625,9.875],"rotation":0,"texture":"#0","tintindex":0},"west":{"uv":[4.0,9.625,3.5,9.875],"rotation":0,"texture":"#0","tintindex":0},"up":{"uv":[3.625,5.5,4.25,5.0],"rotation":0,"texture":"#0","tintindex":0}}}],"display":{"head":{"translation":[0.0,-6.4,0.0],"scale":[4.0,4.0,4.0]}}}