{"textures":{"0":"modelengine:entity/ghoul_texture"},"elements":[{"from":[7.155442,2.550624,7.0444446],"to":[8.869728,8.26491,9.330159],"rotation":{"angle":0.0,"axis":"y","origin":[7.2982993,2.7110014,4.9332113]},"faces":{"south":{"uv":[8.5,1.0,8.125,2.25],"rotation":0,"texture":"#0","tintindex":0},"north":{"uv":[8.5,1.0,8.125,2.25],"rotation":0,"texture":"#0","tintindex":0},"down":{"uv":[7.25,9.625,7.625,9.125],"rotation":0,"texture":"#0","tintindex":0},"east":{"uv":[3.375,8.0,2.875,9.25],"rotation":0,"texture":"#0","tintindex":0},"west":{"uv":[3.375,8.0,2.875,9.25],"rotation":0,"texture":"#0","tintindex":0},"up":{"uv":[7.25,9.625,7.625,9.125],"rotation":0,"texture":"#0","tintindex":0}}}],"display":{"head":{"translation":[0.0,-6.4,0.0],"scale":[4.0,4.0,4.0]}}}