{"textures":{"0":"modelengine:entity/ghoul_texture"},"elements":[{"from":[5.428571,1.9341369,5.712659],"to":[10.571428,8.79128,10.284088],"rotation":{"angle":-45.0,"axis":"x","origin":[5.428571,5.756849,1.1994495]},"faces":{"south":{"uv":[1.25,4.0,2.375,5.5],"rotation":0,"texture":"#0","tintindex":0},"north":{"uv":[0.0,4.0,1.125,5.5],"rotation":0,"texture":"#0","tintindex":0},"down":{"uv":[7.125,2.375,6.0,3.375],"rotation":0,"texture":"#0","tintindex":0},"east":{"uv":[4.625,4.0,5.625,5.5],"rotation":0,"texture":"#0","tintindex":0},"west":{"uv":[2.5,5.0,3.5,6.5],"rotation":0,"texture":"#0","tintindex":0},"up":{"uv":[7.125,2.25,6.0,1.25],"rotation":0,"texture":"#0","tintindex":0}}}],"display":{"head":{"translation":[0.0,-6.4,0.0],"scale":[4.0,4.0,4.0]}}}