{"textures":{"0":"modelengine:entity/gp2_goblin_king"},"elements":[{"from":[6.0,8.0,8.0],"to":[12.285715,8.0,11.428572],"rotation":{"angle":0.0,"axis":"y","origin":[10.0,5.428571,4.285714]},"faces":{"south":{"uv":[0.0075,0.0075,1.3675,0.0075],"rotation":0,"texture":"#0","tintindex":0},"north":{"uv":[0.0075,0.0075,1.3675,0.0075],"rotation":0,"texture":"#0","tintindex":0},"down":{"uv":[8.4925,7.3825,7.1325,8.1175],"rotation":0,"texture":"#0","tintindex":0},"east":{"uv":[0.0075,0.0075,0.7425,0.0075],"rotation":0,"texture":"#0","tintindex":0},"west":{"uv":[0.0075,0.0075,0.7425,0.0075],"rotation":0,"texture":"#0","tintindex":0},"up":{"uv":[5.1175,7.9925,3.7575,7.2575],"rotation":0,"texture":"#0","tintindex":0}}}],"display":{"head":{"translation":[0.0,-6.4,0.0],"scale":[4.0,4.0,4.0]}}}