{"textures":{"0":"modelengine:entity/dwarf_cleric"},"elements":[{"from":[6.285714,5.3190475,6.512255],"to":[9.714286,8.17619,8.226541],"rotation":{"angle":0.0,"axis":"y","origin":[8.0,5.740298,8.738796]},"faces":{"south":{"uv":[5.0,6.75,5.75,7.375],"rotation":0,"texture":"#0","tintindex":0},"north":{"uv":[6.75,0.0,7.5,0.625],"rotation":0,"texture":"#0","tintindex":0},"down":{"uv":[9.0,0.0,8.25,0.375],"rotation":0,"texture":"#0","tintindex":0},"east":{"uv":[0.75,7.5,1.125,8.125],"rotation":0,"texture":"#0","tintindex":0},"west":{"uv":[6.0,9.0,6.375,9.625],"rotation":0,"texture":"#0","tintindex":0},"up":{"uv":[0.75,8.625,0.0,8.25],"rotation":0,"texture":"#0","tintindex":0}}},{"from":[7.142857,4.7476187,6.7979693],"to":[8.857143,5.3190475,7.9408264],"rotation":{"angle":0.0,"axis":"y","origin":[8.0,5.740298,8.738796]},"faces":{"south":{"uv":[9.875,10.125,10.25,10.25],"rotation":0,"texture":"#0","tintindex":0},"north":{"uv":[8.25,2.75,8.625,2.875],"rotation":0,"texture":"#0","tintindex":0},"down":{"uv":[8.875,5.375,8.5,5.625],"rotation":0,"texture":"#0","tintindex":0},"east":{"uv":[6.5,8.375,6.75,8.5],"rotation":0,"texture":"#0","tintindex":0},"west":{"uv":[9.0,10.125,9.25,10.25],"rotation":0,"texture":"#0","tintindex":0},"up":{"uv":[7.25,7.875,6.875,7.625],"rotation":0,"texture":"#0","tintindex":0}}},{"from":[6.857143,2.4619045,6.512255],"to":[9.142858,4.7476187,8.226541],"rotation":{"angle":0.0,"axis":"y","origin":[8.0,5.740298,8.738796]},"faces":{"south":{"uv":[8.5,4.75,9.0,5.25],"rotation":0,"texture":"#0","tintindex":0},"north":{"uv":[4.0,8.5,4.5,9.0],"rotation":0,"texture":"#0","tintindex":0},"down":{"uv":[9.25,9.25,8.75,9.625],"rotation":0,"texture":"#0","tintindex":0},"east":{"uv":[7.125,9.25,7.5,9.75],"rotation":0,"texture":"#0","tintindex":0},"west":{"uv":[7.625,9.25,8.0,9.75],"rotation":0,"texture":"#0","tintindex":0},"up":{"uv":[8.625,9.625,8.125,9.25],"rotation":0,"texture":"#0","tintindex":0}}}],"display":{"head":{"translation":[0.0,-6.4,0.0],"scale":[4.0,4.0,4.0]}}}