{"textures":{"0":"modelengine:entity/dwarf_cleric"},"elements":[{"from":[5.428571,7.9208794,5.5879736],"to":[10.571428,10.778022,9.016545],"rotation":{"angle":0.0,"axis":"y","origin":[8.0,9.484987,6.085943]},"faces":{"south":{"uv":[2.375,5.375,3.5,6.0],"rotation":0,"texture":"#0","tintindex":0},"north":{"uv":[5.25,3.75,6.375,4.375],"rotation":0,"texture":"#0","tintindex":0},"down":{"uv":[4.875,4.5,3.75,5.25],"rotation":0,"texture":"#0","tintindex":0},"east":{"uv":[6.25,4.5,7.0,5.125],"rotation":0,"texture":"#0","tintindex":0},"west":{"uv":[6.5,3.375,7.25,4.0],"rotation":0,"texture":"#0","tintindex":0},"up":{"uv":[3.625,5.25,2.5,4.5],"rotation":0,"texture":"#0","tintindex":0}}}],"display":{"head":{"translation":[0.0,-6.4,0.0],"scale":[4.0,4.0,4.0]}}}