{"textures":{"0":"modelengine:entity/dwarf_cleric"},"elements":[{"from":[6.5714283,4.5714283,8.0],"to":[9.428572,8.0,8.0],"rotation":{"angle":0.0,"axis":"y","origin":[8.428572,6.857143,9.714286]},"faces":{"south":{"uv":[3.375,6.875,2.75,7.625],"rotation":0,"texture":"#0","tintindex":0},"north":{"uv":[2.75,6.875,3.375,7.625],"rotation":0,"texture":"#0","tintindex":0},"down":{"uv":[10.875,9.625,10.25,9.625],"rotation":0,"texture":"#0","tintindex":0},"east":{"uv":[0.75,10.375,0.75,11.125],"rotation":0,"texture":"#0","tintindex":0},"west":{"uv":[0.875,10.375,0.875,11.125],"rotation":0,"texture":"#0","tintindex":0},"up":{"uv":[10.875,7.125,10.25,7.125],"rotation":0,"texture":"#0","tintindex":0}}}],"display":{"head":{"translation":[0.0,-6.4,0.0],"scale":[4.0,4.0,4.0]}}}