{"textures":{"0":"modelengine:entity/dwarf_cleric"},"elements":[{"from":[5.714286,7.789066,4.663188],"to":[10.285714,12.3319235,9.234617],"rotation":{"angle":0.0,"axis":"y","origin":[8.0,7.067459,6.3183007]},"faces":{"south":{"uv":[4.0,0.0,5.0,1.0],"rotation":0,"texture":"#0","tintindex":0},"north":{"uv":[1.375,3.625,2.375,4.625],"rotation":0,"texture":"#0","tintindex":0},"down":{"uv":[5.125,3.375,4.125,4.375],"rotation":0,"texture":"#0","tintindex":0},"east":{"uv":[0.0,3.875,1.0,4.875],"rotation":0,"texture":"#0","tintindex":0},"west":{"uv":[4.0,1.125,5.0,2.125],"rotation":0,"texture":"#0","tintindex":0},"up":{"uv":[5.125,3.25,4.125,2.25],"rotation":0,"texture":"#0","tintindex":0}}},{"from":[5.1357145,12.646209,4.0917597],"to":[10.864285,12.646209,9.806046],"rotation":{"angle":0.0,"axis":"y","origin":[7.714286,7.067459,6.3183007]},"faces":{"south":{"uv":[3.75,10.25,5.0,10.25],"rotation":0,"texture":"#0","tintindex":0},"north":{"uv":[9.75,5.75,11.0,5.75],"rotation":0,"texture":"#0","tintindex":0},"down":{"uv":[1.25,0.0,0.0,1.25],"rotation":0,"texture":"#0","tintindex":0},"east":{"uv":[10.125,7.625,11.375,7.625],"rotation":0,"texture":"#0","tintindex":0},"west":{"uv":[10.25,6.375,11.5,6.375],"rotation":0,"texture":"#0","tintindex":0},"up":{"uv":[1.25,1.25,0.0,0.0],"rotation":0,"texture":"#0","tintindex":0}}},{"from":[5.4214287,10.07478,4.377474],"to":[10.578571,10.646209,9.520331],"rotation":{"angle":0.0,"axis":"y","origin":[8.0,7.067459,6.3183007]},"faces":{"south":{"uv":[9.625,4.0,10.75,4.125],"rotation":0,"texture":"#0","tintindex":0},"north":{"uv":[9.5,3.125,10.625,3.25],"rotation":0,"texture":"#0","tintindex":0},"down":{"uv":[2.5,1.25,1.375,2.375],"rotation":0,"texture":"#0","tintindex":0},"east":{"uv":[9.625,3.75,10.75,3.875],"rotation":0,"texture":"#0","tintindex":0},"west":{"uv":[9.625,5.875,10.75,6.0],"rotation":0,"texture":"#0","tintindex":0},"up":{"uv":[2.5,1.125,1.375,0.0],"rotation":0,"texture":"#0","tintindex":0}}},{"from":[5.1357145,8.07478,4.0917597],"to":[5.1357145,12.646209,9.806046],"rotation":{"angle":0.0,"axis":"y","origin":[8.0,7.067459,6.3183007]},"faces":{"south":{"uv":[7.125,10.25,7.125,11.25],"rotation":0,"texture":"#0","tintindex":0},"north":{"uv":[5.25,10.25,5.25,11.25],"rotation":0,"texture":"#0","tintindex":0},"down":{"uv":[7.375,10.25,7.375,11.5],"rotation":0,"texture":"#0","tintindex":0},"east":{"uv":[3.875,0.0,2.625,1.0],"rotation":0,"texture":"#0","tintindex":0},"west":{"uv":[2.625,0.0,3.875,1.0],"rotation":0,"texture":"#0","tintindex":0},"up":{"uv":[7.25,11.5,7.25,10.25],"rotation":0,"texture":"#0","tintindex":0}}},{"from":[5.142857,8.07478,9.806046],"to":[10.857143,12.646209,9.806046],"rotation":{"angle":0.0,"axis":"y","origin":[8.007143,7.067459,6.3183007]},"faces":{"south":{"uv":[0.0,2.75,1.25,3.75],"rotation":0,"texture":"#0","tintindex":0},"north":{"uv":[1.25,2.75,0.0,3.75],"rotation":0,"texture":"#0","tintindex":0},"down":{"uv":[11.5,6.75,10.25,6.75],"rotation":0,"texture":"#0","tintindex":0},"east":{"uv":[7.5,10.25,7.5,11.25],"rotation":0,"texture":"#0","tintindex":0},"west":{"uv":[7.625,10.25,7.625,11.25],"rotation":0,"texture":"#0","tintindex":0},"up":{"uv":[11.5,6.625,10.25,6.625],"rotation":0,"texture":"#0","tintindex":0}}},{"from":[7.135714,9.646209,3.806045],"to":[8.864285,11.931923,4.377474],"rotation":{"angle":0.0,"axis":"y","origin":[8.0,7.067459,6.3183007]},"faces":{"south":{"uv":[9.375,9.25,9.75,9.75],"rotation":0,"texture":"#0","tintindex":0},"north":{"uv":[9.375,6.75,9.75,7.25],"rotation":0,"texture":"#0","tintindex":0},"down":{"uv":[10.625,0.25,10.25,0.375],"rotation":0,"texture":"#0","tintindex":0},"east":{"uv":[2.375,10.125,2.5,10.625],"rotation":0,"texture":"#0","tintindex":0},"west":{"uv":[6.375,10.125,6.5,10.625],"rotation":0,"texture":"#0","tintindex":0},"up":{"uv":[10.625,0.125,10.25,0.0],"rotation":0,"texture":"#0","tintindex":0}}},{"from":[10.864285,8.07478,4.0917597],"to":[10.864285,12.646209,9.806046],"rotation":{"angle":0.0,"axis":"y","origin":[8.0,7.067459,6.3183007]},"faces":{"south":{"uv":[7.125,10.25,7.125,11.25],"rotation":0,"texture":"#0","tintindex":0},"north":{"uv":[5.25,10.25,5.25,11.25],"rotation":0,"texture":"#0","tintindex":0},"down":{"uv":[7.375,10.25,7.375,11.5],"rotation":0,"texture":"#0","tintindex":0},"east":{"uv":[3.875,0.0,2.625,1.0],"rotation":0,"texture":"#0","tintindex":0},"west":{"uv":[2.625,0.0,3.875,1.0],"rotation":0,"texture":"#0","tintindex":0},"up":{"uv":[7.25,11.5,7.25,10.25],"rotation":0,"texture":"#0","tintindex":0}}}],"display":{"head":{"translation":[0.0,-6.4,0.0],"scale":[4.0,4.0,4.0]}}}