{"textures":{"0":"modelengine:entity/dwarf_cleric"},"elements":[{"from":[6.361663,4.4638968,6.7979693],"to":[8.075949,7.3210397,7.9408264],"rotation":{"angle":-22.5,"axis":"z","origin":[9.737764,5.4414773,8.738796]},"faces":{"south":{"uv":[4.125,9.125,4.5,9.75],"rotation":0,"texture":"#0","tintindex":0},"north":{"uv":[3.625,9.125,4.0,9.75],"rotation":0,"texture":"#0","tintindex":0},"down":{"uv":[9.75,9.875,9.375,10.125],"rotation":0,"texture":"#0","tintindex":0},"east":{"uv":[4.625,9.5,4.875,10.125],"rotation":0,"texture":"#0","tintindex":0},"west":{"uv":[5.0,9.5,5.25,10.125],"rotation":0,"texture":"#0","tintindex":0},"up":{"uv":[10.25,9.5,9.875,9.25],"rotation":0,"texture":"#0","tintindex":0}}},{"from":[6.647377,3.892468,6.7979693],"to":[7.790234,4.4638968,7.9408264],"rotation":{"angle":-22.5,"axis":"z","origin":[9.737764,5.4414773,8.738796]},"faces":{"south":{"uv":[3.0,10.25,3.25,10.375],"rotation":0,"texture":"#0","tintindex":0},"north":{"uv":[10.25,2.625,10.5,2.75],"rotation":0,"texture":"#0","tintindex":0},"down":{"uv":[6.25,10.125,6.0,10.375],"rotation":0,"texture":"#0","tintindex":0},"east":{"uv":[10.25,2.875,10.5,3.0],"rotation":0,"texture":"#0","tintindex":0},"west":{"uv":[3.375,10.25,3.625,10.375],"rotation":0,"texture":"#0","tintindex":0},"up":{"uv":[5.875,10.375,5.625,10.125],"rotation":0,"texture":"#0","tintindex":0}}},{"from":[6.361663,2.1781821,6.7979693],"to":[8.075949,3.892468,7.9408264],"rotation":{"angle":-22.5,"axis":"z","origin":[9.737764,5.4414773,8.738796]},"faces":{"south":{"uv":[9.5,8.75,9.875,9.125],"rotation":0,"texture":"#0","tintindex":0},"north":{"uv":[9.5,8.25,9.875,8.625],"rotation":0,"texture":"#0","tintindex":0},"down":{"uv":[8.0,9.875,7.625,10.125],"rotation":0,"texture":"#0","tintindex":0},"east":{"uv":[0.875,8.25,1.125,8.625],"rotation":0,"texture":"#0","tintindex":0},"west":{"uv":[9.875,6.75,10.125,7.125],"rotation":0,"texture":"#0","tintindex":0},"up":{"uv":[7.5,10.125,7.125,9.875],"rotation":0,"texture":"#0","tintindex":0}}}],"display":{"head":{"translation":[0.0,-6.4,0.0],"scale":[4.0,4.0,4.0]}}}