{"textures":{"0":"modelengine:entity/dwarf_cleric"},"elements":[{"from":[6.7647057,4.992175,-0.92201424],"to":[9.05042,7.2778893,3.6494145],"rotation":{"angle":0.0,"axis":"y","origin":[11.621849,9.69914,6.1616697]},"faces":{"south":{"uv":[8.75,6.5,9.25,7.0],"rotation":0,"texture":"#0","tintindex":0},"north":{"uv":[0.625,8.75,1.125,9.25],"rotation":0,"texture":"#0","tintindex":0},"down":{"uv":[1.125,6.375,0.625,7.375],"rotation":0,"texture":"#0","tintindex":0},"east":{"uv":[7.125,6.125,6.125,6.625],"rotation":0,"texture":"#0","tintindex":0},"west":{"uv":[6.125,6.125,7.125,6.625],"rotation":0,"texture":"#0","tintindex":0},"up":{"uv":[0.5,7.25,0.0,6.25],"rotation":0,"texture":"#0","tintindex":0}}},{"from":[4.4789915,6.135032,-0.92201424],"to":[6.7647057,6.135032,1.3636999],"rotation":{"angle":0.0,"axis":"y","origin":[11.621849,9.69914,6.1616697]},"faces":{"south":{"uv":[10.25,10.0,10.75,10.0],"rotation":0,"texture":"#0","tintindex":0},"north":{"uv":[7.125,5.125,7.625,5.125],"rotation":0,"texture":"#0","tintindex":0},"down":{"uv":[9.25,7.125,8.75,7.625],"rotation":0,"texture":"#0","tintindex":0},"east":{"uv":[0.0,7.375,0.5,7.375],"rotation":0,"texture":"#0","tintindex":0},"west":{"uv":[1.25,10.375,1.75,10.375],"rotation":0,"texture":"#0","tintindex":0},"up":{"uv":[9.25,7.625,8.75,7.125],"rotation":0,"texture":"#0","tintindex":0}}},{"from":[9.05042,6.135032,-0.92201424],"to":[11.336135,6.135032,1.3636999],"rotation":{"angle":0.0,"axis":"y","origin":[11.621849,9.69914,6.1616697]},"faces":{"south":{"uv":[10.375,1.75,10.875,1.75],"rotation":0,"texture":"#0","tintindex":0},"north":{"uv":[10.375,1.5,10.875,1.5],"rotation":0,"texture":"#0","tintindex":0},"down":{"uv":[8.75,7.125,9.25,7.625],"rotation":0,"texture":"#0","tintindex":0},"east":{"uv":[10.375,1.625,10.875,1.625],"rotation":0,"texture":"#0","tintindex":0},"west":{"uv":[3.75,10.375,4.25,10.375],"rotation":0,"texture":"#0","tintindex":0},"up":{"uv":[8.75,7.625,9.25,7.125],"rotation":0,"texture":"#0","tintindex":0}}},{"from":[7.907563,7.2778893,-0.92201424],"to":[7.907563,9.563603,1.3636999],"rotation":{"angle":0.0,"axis":"y","origin":[11.621849,9.69914,6.1616697]},"faces":{"south":{"uv":[1.875,10.375,1.875,10.875],"rotation":0,"texture":"#0","tintindex":0},"north":{"uv":[2.375,4.75,2.375,5.25],"rotation":0,"texture":"#0","tintindex":0},"down":{"uv":[2.125,10.375,2.125,10.875],"rotation":0,"texture":"#0","tintindex":0},"east":{"uv":[5.125,8.875,4.625,9.375],"rotation":0,"texture":"#0","tintindex":0},"west":{"uv":[4.625,8.875,5.125,9.375],"rotation":0,"texture":"#0","tintindex":0},"up":{"uv":[2.0,10.875,2.0,10.375],"rotation":0,"texture":"#0","tintindex":0}}},{"from":[7.907563,2.7064605,-0.92201424],"to":[7.907563,4.992175,1.3636999],"rotation":{"angle":0.0,"axis":"y","origin":[11.621849,9.69914,6.1616697]},"faces":{"south":{"uv":[4.375,10.375,4.375,10.875],"rotation":0,"texture":"#0","tintindex":0},"north":{"uv":[2.25,10.375,2.25,10.875],"rotation":0,"texture":"#0","tintindex":0},"down":{"uv":[4.625,10.375,4.625,10.875],"rotation":0,"texture":"#0","tintindex":0},"east":{"uv":[5.125,9.375,4.625,8.875],"rotation":0,"texture":"#0","tintindex":0},"west":{"uv":[4.625,9.375,5.125,8.875],"rotation":0,"texture":"#0","tintindex":0},"up":{"uv":[4.5,10.875,4.5,10.375],"rotation":0,"texture":"#0","tintindex":0}}},{"from":[7.0504203,5.2778893,11.077987],"to":[8.764706,6.992175,12.220844],"rotation":{"angle":0.0,"axis":"y","origin":[11.621849,9.69914,6.1616697]},"faces":{"south":{"uv":[9.75,0.0,10.125,0.375],"rotation":0,"texture":"#0","tintindex":0},"north":{"uv":[1.0,9.625,1.375,10.0],"rotation":0,"texture":"#0","tintindex":0},"down":{"uv":[10.375,3.375,10.0,3.625],"rotation":0,"texture":"#0","tintindex":0},"east":{"uv":[0.25,10.0,0.0,10.375],"rotation":0,"texture":"#0","tintindex":0},"west":{"uv":[0.0,10.0,0.25,10.375],"rotation":0,"texture":"#0","tintindex":0},"up":{"uv":[0.75,10.25,0.375,10.0],"rotation":0,"texture":"#0","tintindex":0}}},{"from":[6.4789915,5.8493176,5.935129],"to":[8.193277,8.149318,8.792272],"rotation":{"angle":0.0,"axis":"y","origin":[11.621849,9.69914,6.1616697]},"faces":{"south":{"uv":[0.5,9.375,0.875,9.875],"rotation":0,"texture":"#0","tintindex":0},"north":{"uv":[0.0,9.375,0.375,9.875],"rotation":0,"texture":"#0","tintindex":0},"down":{"uv":[3.5,9.125,3.125,9.75],"rotation":0,"texture":"#0","tintindex":0},"east":{"uv":[7.75,5.125,8.375,5.625],"rotation":0,"texture":"#0","tintindex":0},"west":{"uv":[2.0,8.0,2.625,8.5],"rotation":0,"texture":"#0","tintindex":0},"up":{"uv":[3.0,9.75,2.625,9.125],"rotation":0,"texture":"#0","tintindex":0}}},{"from":[6.7647057,5.2778893,6.2208433],"to":[9.05042,6.4207463,8.506557],"rotation":{"angle":0.0,"axis":"y","origin":[11.621849,9.69914,6.1616697]},"faces":{"south":{"uv":[8.125,9.75,8.625,10.0],"rotation":0,"texture":"#0","tintindex":0},"north":{"uv":[5.875,9.75,6.375,10.0],"rotation":0,"texture":"#0","tintindex":0},"down":{"uv":[3.875,8.5,3.375,9.0],"rotation":0,"texture":"#0","tintindex":0},"east":{"uv":[6.5,9.75,7.0,10.0],"rotation":0,"texture":"#0","tintindex":0},"west":{"uv":[8.75,9.75,9.25,10.0],"rotation":0,"texture":"#0","tintindex":0},"up":{"uv":[3.25,9.0,2.75,8.5],"rotation":0,"texture":"#0","tintindex":0}}},{"from":[6.7647057,6.4207463,6.2208433],"to":[9.05042,8.135033,8.506557],"rotation":{"angle":0.0,"axis":"y","origin":[11.621849,9.69914,6.1616697]},"faces":{"south":{"uv":[9.125,4.375,9.625,4.75],"rotation":0,"texture":"#0","tintindex":0},"north":{"uv":[9.0,5.875,9.5,6.25],"rotation":0,"texture":"#0","tintindex":0},"down":{"uv":[5.75,8.375,5.25,8.875],"rotation":0,"texture":"#0","tintindex":0},"east":{"uv":[9.125,0.0,9.625,0.375],"rotation":0,"texture":"#0","tintindex":0},"west":{"uv":[9.125,4.875,9.625,5.25],"rotation":0,"texture":"#0","tintindex":0},"up":{"uv":[8.875,4.625,8.375,4.125],"rotation":0,"texture":"#0","tintindex":0}}},{"from":[7.3361344,5.5636034,3.6494145],"to":[8.4789915,6.706461,11.077987],"rotation":{"angle":0.0,"axis":"y","origin":[11.621849,9.69914,6.1616697]},"faces":{"south":{"uv":[8.625,10.125,8.875,10.375],"rotation":0,"texture":"#0","tintindex":0},"north":{"uv":[10.125,7.25,10.375,7.5],"rotation":0,"texture":"#0","tintindex":0},"down":{"uv":[1.875,7.25,1.625,8.875],"rotation":0,"texture":"#0","tintindex":0},"east":{"uv":[9.0,3.375,7.375,3.625],"rotation":0,"texture":"#0","tintindex":0},"west":{"uv":[7.375,3.375,9.0,3.625],"rotation":0,"texture":"#0","tintindex":0},"up":{"uv":[1.5,8.875,1.25,7.25],"rotation":0,"texture":"#0","tintindex":0}}}],"display":{"head":{"translation":[0.0,-6.4,0.0],"scale":[4.0,4.0,4.0]}}}