{"textures":{"0":"modelengine:entity/dwarf_cleric"},"elements":[{"from":[6.5714283,6.9142857,6.012255],"to":[9.428572,8.071428,8.869398],"rotation":{"angle":0.0,"axis":"y","origin":[9.142858,15.335536,6.238796]},"faces":{"south":{"uv":[9.5,2.375,10.125,2.625],"rotation":0,"texture":"#0","tintindex":0},"north":{"uv":[9.375,7.375,10.0,7.625],"rotation":0,"texture":"#0","tintindex":0},"down":{"uv":[0.625,7.5,0.0,8.125],"rotation":0,"texture":"#0","tintindex":0},"east":{"uv":[9.5,2.0,10.125,2.25],"rotation":0,"texture":"#0","tintindex":0},"west":{"uv":[9.5,2.75,10.125,3.0],"rotation":0,"texture":"#0","tintindex":0},"up":{"uv":[8.0,7.875,7.375,7.25],"rotation":0,"texture":"#0","tintindex":0}}},{"from":[6.857143,6.9142857,6.2979693],"to":[9.142858,8.057143,8.583684],"rotation":{"angle":0.0,"axis":"y","origin":[9.142858,15.335536,6.238796]},"faces":{"south":{"uv":[9.75,5.0,10.25,5.25],"rotation":0,"texture":"#0","tintindex":0},"north":{"uv":[6.5,4.125,7.0,4.375],"rotation":0,"texture":"#0","tintindex":0},"down":{"uv":[8.875,8.0,8.375,8.5],"rotation":0,"texture":"#0","tintindex":0},"east":{"uv":[1.5,9.75,2.0,10.0],"rotation":0,"texture":"#0","tintindex":0},"west":{"uv":[9.75,5.375,10.25,5.625],"rotation":0,"texture":"#0","tintindex":0},"up":{"uv":[6.375,8.875,5.875,8.375],"rotation":0,"texture":"#0","tintindex":0}}},{"from":[6.857143,5.2,5.7265406],"to":[9.142858,6.9142857,8.583684],"rotation":{"angle":0.0,"axis":"y","origin":[9.142858,15.335536,6.238796]},"faces":{"south":{"uv":[6.5,9.25,7.0,9.625],"rotation":0,"texture":"#0","tintindex":0},"north":{"uv":[1.875,9.25,2.375,9.625],"rotation":0,"texture":"#0","tintindex":0},"down":{"uv":[4.5,7.75,4.0,8.375],"rotation":0,"texture":"#0","tintindex":0},"east":{"uv":[5.25,9.0,5.875,9.375],"rotation":0,"texture":"#0","tintindex":0},"west":{"uv":[9.0,5.375,9.625,5.75],"rotation":0,"texture":"#0","tintindex":0},"up":{"uv":[3.875,8.375,3.375,7.75],"rotation":0,"texture":"#0","tintindex":0}}}],"display":{"head":{"translation":[0.0,-6.4,0.0],"scale":[4.0,4.0,4.0]}}}