{"textures":{"0":"modelengine:entity/dwarf_cleric"},"elements":[{"from":[6.142857,5.1267858,5.833684],"to":[9.0,8.555357,5.833684],"rotation":{"angle":-22.5,"axis":"z","origin":[8.0,6.841071,7.262255]},"faces":{"south":{"uv":[1.875,6.375,1.25,7.125],"rotation":0,"texture":"#0","tintindex":0},"north":{"uv":[1.25,6.375,1.875,7.125],"rotation":0,"texture":"#0","tintindex":0},"down":{"uv":[10.875,6.5,10.25,6.5],"rotation":0,"texture":"#0","tintindex":0},"east":{"uv":[5.125,1.25,5.125,2.0],"rotation":0,"texture":"#0","tintindex":0},"west":{"uv":[5.125,10.25,5.125,11.0],"rotation":0,"texture":"#0","tintindex":0},"up":{"uv":[6.875,5.25,6.25,5.25],"rotation":0,"texture":"#0","tintindex":0}}},{"from":[6.142857,5.1267858,5.833684],"to":[6.142857,8.555357,8.690826],"rotation":{"angle":-22.5,"axis":"z","origin":[8.0,6.841071,7.262255]},"faces":{"south":{"uv":[9.625,10.25,9.625,11.0],"rotation":0,"texture":"#0","tintindex":0},"north":{"uv":[9.5,10.25,9.5,11.0],"rotation":0,"texture":"#0","tintindex":0},"down":{"uv":[0.375,10.375,0.375,11.0],"rotation":0,"texture":"#0","tintindex":0},"east":{"uv":[7.5,0.75,6.875,1.5],"rotation":0,"texture":"#0","tintindex":0},"west":{"uv":[6.875,0.75,7.5,1.5],"rotation":0,"texture":"#0","tintindex":0},"up":{"uv":[9.75,10.875,9.75,10.25],"rotation":0,"texture":"#0","tintindex":0}}},{"from":[6.142857,5.1267858,8.690826],"to":[9.0,8.555357,8.690826],"rotation":{"angle":-22.5,"axis":"z","origin":[8.0,6.841071,7.262255]},"faces":{"south":{"uv":[1.25,6.375,1.875,7.125],"rotation":0,"texture":"#0","tintindex":0},"north":{"uv":[1.875,6.375,1.25,7.125],"rotation":0,"texture":"#0","tintindex":0},"down":{"uv":[10.875,7.0,10.25,7.0],"rotation":0,"texture":"#0","tintindex":0},"east":{"uv":[0.5,10.375,0.5,11.125],"rotation":0,"texture":"#0","tintindex":0},"west":{"uv":[0.625,10.375,0.625,11.125],"rotation":0,"texture":"#0","tintindex":0},"up":{"uv":[10.875,6.875,10.25,6.875],"rotation":0,"texture":"#0","tintindex":0}}},{"from":[6.857143,5.1267858,6.119398],"to":[9.142858,7.9839287,8.405112],"rotation":{"angle":0.0,"axis":"y","origin":[9.142858,12.405179,6.0602245]},"faces":{"south":{"uv":[7.625,0.75,8.125,1.375],"rotation":0,"texture":"#0","tintindex":0},"north":{"uv":[5.0,7.5,5.5,8.125],"rotation":0,"texture":"#0","tintindex":0},"down":{"uv":[8.75,1.5,8.25,2.0],"rotation":0,"texture":"#0","tintindex":0},"east":{"uv":[7.625,0.0,8.125,0.625],"rotation":0,"texture":"#0","tintindex":0},"west":{"uv":[7.625,1.5,8.125,2.125],"rotation":0,"texture":"#0","tintindex":0},"up":{"uv":[8.75,1.375,8.25,0.875],"rotation":0,"texture":"#0","tintindex":0}}}],"display":{"head":{"translation":[0.0,-6.4,0.0],"scale":[4.0,4.0,4.0]}}}