{"textures":{"0":"modelengine:entity/dwarf_cleric"},"elements":[{"from":[6.1304345,6.102291,5.9179816],"to":[8.416149,8.388005,8.775125],"rotation":{"angle":0.0,"axis":"y","origin":[11.273293,6.8092556,6.1445227]},"faces":{"south":{"uv":[6.5,8.625,7.0,9.125],"rotation":0,"texture":"#0","tintindex":0},"north":{"uv":[2.0,8.625,2.5,9.125],"rotation":0,"texture":"#0","tintindex":0},"down":{"uv":[8.625,7.25,8.125,7.875],"rotation":0,"texture":"#0","tintindex":0},"east":{"uv":[6.875,8.0,7.5,8.5],"rotation":0,"texture":"#0","tintindex":0},"west":{"uv":[7.625,8.0,8.25,8.5],"rotation":0,"texture":"#0","tintindex":0},"up":{"uv":[8.625,7.125,8.125,6.5],"rotation":0,"texture":"#0","tintindex":0}}},{"from":[7.0018635,7.2263885,5.572219],"to":[7.5447206,9.512103,7.857933],"rotation":{"angle":-22.5,"axis":"x","origin":[7.273292,8.083531,7.2865043]},"faces":{"south":{"uv":[1.125,3.875,1.25,4.375],"rotation":0,"texture":"#0","tintindex":0},"north":{"uv":[2.5,3.625,2.625,4.125],"rotation":0,"texture":"#0","tintindex":0},"down":{"uv":[5.5,10.0,5.375,10.5],"rotation":0,"texture":"#0","tintindex":0},"east":{"uv":[7.125,8.625,7.625,9.125],"rotation":0,"texture":"#0","tintindex":0},"west":{"uv":[7.75,8.625,8.25,9.125],"rotation":0,"texture":"#0","tintindex":0},"up":{"uv":[1.0,5.5,0.875,5.0],"rotation":0,"texture":"#0","tintindex":0}}},{"from":[6.9875774,7.554403,6.742803],"to":[7.559006,9.840117,9.028518],"rotation":{"angle":22.5,"axis":"x","origin":[7.273292,8.411546,6.4570885]},"faces":{"south":{"uv":[6.875,10.125,7.0,10.625],"rotation":0,"texture":"#0","tintindex":0},"north":{"uv":[6.625,10.125,6.75,10.625],"rotation":0,"texture":"#0","tintindex":0},"down":{"uv":[8.5,10.125,8.375,10.625],"rotation":0,"texture":"#0","tintindex":0},"east":{"uv":[8.375,8.625,8.875,9.125],"rotation":0,"texture":"#0","tintindex":0},"west":{"uv":[0.0,8.75,0.5,9.25],"rotation":0,"texture":"#0","tintindex":0},"up":{"uv":[8.25,10.625,8.125,10.125],"rotation":0,"texture":"#0","tintindex":0}}},{"from":[6.416149,5.2451477,6.2036963],"to":[8.701863,8.102291,8.48941],"rotation":{"angle":0.0,"axis":"y","origin":[11.273293,6.8092556,6.1445227]},"faces":{"south":{"uv":[6.25,7.625,6.75,8.25],"rotation":0,"texture":"#0","tintindex":0},"north":{"uv":[7.625,2.25,8.125,2.875],"rotation":0,"texture":"#0","tintindex":0},"down":{"uv":[5.125,8.25,4.625,8.75],"rotation":0,"texture":"#0","tintindex":0},"east":{"uv":[5.625,7.625,6.125,8.25],"rotation":0,"texture":"#0","tintindex":0},"west":{"uv":[2.75,7.75,3.25,8.375],"rotation":0,"texture":"#0","tintindex":0},"up":{"uv":[8.75,2.625,8.25,2.125],"rotation":0,"texture":"#0","tintindex":0}}}],"display":{"head":{"translation":[0.0,-6.4,0.0],"scale":[4.0,4.0,4.0]}}}