{"textures":{"0":"modelengine:entity/dwarf_cleric"},"elements":[{"from":[8.0,5.714286,5.142857],"to":[8.0,10.285714,8.0],"rotation":{"angle":0.0,"axis":"y","origin":[8.0,10.285714,7.5714283]},"faces":{"south":{"uv":[9.0,10.375,9.0,11.375],"rotation":0,"texture":"#0","tintindex":0},"north":{"uv":[5.0,11.375,5.0,10.375],"rotation":180,"texture":"#0","tintindex":0},"down":{"uv":[4.75,10.375,4.75,11.0],"rotation":180,"texture":"#0","tintindex":0},"east":{"uv":[4.875,6.125,3.875,6.75],"rotation":90,"texture":"#0","tintindex":0},"west":{"uv":[3.875,6.125,4.875,6.75],"rotation":270,"texture":"#0","tintindex":0},"up":{"uv":[4.875,10.375,4.875,11.0],"rotation":0,"texture":"#0","tintindex":0}}}],"display":{"head":{"translation":[0.0,-6.4,0.0],"scale":[4.0,4.0,4.0]}}}