{"textures":{"0":"modelengine:entity/dwarf_cleric"},"elements":[{"from":[6.5714283,6.9142857,6.012255],"to":[9.428572,8.071428,8.869398],"rotation":{"angle":0.0,"axis":"y","origin":[6.857143,15.335536,6.238796]},"faces":{"south":{"uv":[10.125,2.375,9.5,2.625],"rotation":0,"texture":"#0","tintindex":0},"north":{"uv":[10.0,7.375,9.375,7.625],"rotation":0,"texture":"#0","tintindex":0},"down":{"uv":[0.0,7.5,0.625,8.125],"rotation":0,"texture":"#0","tintindex":0},"east":{"uv":[10.125,2.75,9.5,3.0],"rotation":0,"texture":"#0","tintindex":0},"west":{"uv":[10.125,2.0,9.5,2.25],"rotation":0,"texture":"#0","tintindex":0},"up":{"uv":[7.375,7.875,8.0,7.25],"rotation":0,"texture":"#0","tintindex":0}}},{"from":[6.857143,5.2,5.7265406],"to":[9.142858,6.9142857,8.583684],"rotation":{"angle":0.0,"axis":"y","origin":[6.857143,15.335536,6.238796]},"faces":{"south":{"uv":[7.0,9.25,6.5,9.625],"rotation":0,"texture":"#0","tintindex":0},"north":{"uv":[2.375,9.25,1.875,9.625],"rotation":0,"texture":"#0","tintindex":0},"down":{"uv":[4.0,7.75,4.5,8.375],"rotation":0,"texture":"#0","tintindex":0},"east":{"uv":[9.625,5.375,9.0,5.75],"rotation":0,"texture":"#0","tintindex":0},"west":{"uv":[5.875,9.0,5.25,9.375],"rotation":0,"texture":"#0","tintindex":0},"up":{"uv":[3.375,8.375,3.875,7.75],"rotation":0,"texture":"#0","tintindex":0}}},{"from":[6.857143,6.9142857,6.2979693],"to":[9.142858,8.057143,8.583684],"rotation":{"angle":0.0,"axis":"y","origin":[6.857143,15.335536,6.238796]},"faces":{"south":{"uv":[10.25,5.0,9.75,5.25],"rotation":0,"texture":"#0","tintindex":0},"north":{"uv":[7.0,4.125,6.5,4.375],"rotation":0,"texture":"#0","tintindex":0},"down":{"uv":[8.375,8.0,8.875,8.5],"rotation":0,"texture":"#0","tintindex":0},"east":{"uv":[10.25,5.375,9.75,5.625],"rotation":0,"texture":"#0","tintindex":0},"west":{"uv":[2.0,9.75,1.5,10.0],"rotation":0,"texture":"#0","tintindex":0},"up":{"uv":[5.875,8.875,6.375,8.375],"rotation":0,"texture":"#0","tintindex":0}}}],"display":{"head":{"translation":[0.0,-6.4,0.0],"scale":[4.0,4.0,4.0]}}}