{"textures":{"0":"modelengine:entity/dwarf_cleric"},"elements":[{"from":[7.8067226,0.9921746,7.0779862],"to":[11.235294,6.135032,7.3637004],"rotation":{"angle":0.0,"axis":"y","origin":[7.8067226,5.8493176,6.2208433]},"faces":{"south":{"uv":[5.875,0.0,5.125,1.125],"rotation":0,"texture":"#0","tintindex":0},"north":{"uv":[0.75,6.125,0.0,5.0],"rotation":180,"texture":"#0","tintindex":0},"down":{"uv":[10.0,7.75,10.75,7.875],"rotation":180,"texture":"#0","tintindex":0},"east":{"uv":[9.625,6.125,10.75,6.25],"rotation":90,"texture":"#0","tintindex":0},"west":{"uv":[9.75,4.25,10.875,4.375],"rotation":270,"texture":"#0","tintindex":0},"up":{"uv":[10.0,8.0,10.75,8.125],"rotation":0,"texture":"#0","tintindex":0}}},{"from":[7.8067226,1.2778888,6.6494145],"to":[10.663866,5.8493176,7.0779862],"rotation":{"angle":0.0,"axis":"y","origin":[7.8067226,5.8493176,6.2208433]},"faces":{"south":{"uv":[6.75,2.25,6.125,3.25],"rotation":0,"texture":"#0","tintindex":0},"north":{"uv":[2.625,7.125,2.0,6.125],"rotation":180,"texture":"#0","tintindex":0},"down":{"uv":[0.875,10.125,1.5,10.25],"rotation":180,"texture":"#0","tintindex":0},"east":{"uv":[9.875,1.0,10.875,1.125],"rotation":90,"texture":"#0","tintindex":0},"west":{"uv":[9.875,1.25,10.875,1.375],"rotation":270,"texture":"#0","tintindex":0},"up":{"uv":[1.625,10.125,2.25,10.25],"rotation":0,"texture":"#0","tintindex":0}}},{"from":[7.8067226,5.8493176,5.935129],"to":[9.5210085,8.149318,8.792272],"rotation":{"angle":0.0,"axis":"y","origin":[4.378151,9.69914,6.1616697]},"faces":{"south":{"uv":[0.875,9.375,0.5,9.875],"rotation":0,"texture":"#0","tintindex":0},"north":{"uv":[0.375,9.375,0.0,9.875],"rotation":0,"texture":"#0","tintindex":0},"down":{"uv":[3.125,9.125,3.5,9.75],"rotation":0,"texture":"#0","tintindex":0},"east":{"uv":[2.625,8.0,2.0,8.5],"rotation":0,"texture":"#0","tintindex":0},"west":{"uv":[8.375,5.125,7.75,5.625],"rotation":0,"texture":"#0","tintindex":0},"up":{"uv":[2.625,9.75,3.0,9.125],"rotation":0,"texture":"#0","tintindex":0}}},{"from":[6.9495797,5.2778893,6.2208433],"to":[9.235294,6.4207463,8.506557],"rotation":{"angle":0.0,"axis":"y","origin":[4.378151,9.69914,6.1616697]},"faces":{"south":{"uv":[8.625,9.75,8.125,10.0],"rotation":0,"texture":"#0","tintindex":0},"north":{"uv":[6.375,9.75,5.875,10.0],"rotation":0,"texture":"#0","tintindex":0},"down":{"uv":[3.375,8.5,3.875,9.0],"rotation":0,"texture":"#0","tintindex":0},"east":{"uv":[9.25,9.75,8.75,10.0],"rotation":0,"texture":"#0","tintindex":0},"west":{"uv":[7.0,9.75,6.5,10.0],"rotation":0,"texture":"#0","tintindex":0},"up":{"uv":[2.75,9.0,3.25,8.5],"rotation":0,"texture":"#0","tintindex":0}}},{"from":[6.9495797,6.4207463,6.2208433],"to":[9.235294,8.135033,8.506557],"rotation":{"angle":0.0,"axis":"y","origin":[4.378151,9.69914,6.1616697]},"faces":{"south":{"uv":[9.625,4.375,9.125,4.75],"rotation":0,"texture":"#0","tintindex":0},"north":{"uv":[9.5,5.875,9.0,6.25],"rotation":0,"texture":"#0","tintindex":0},"down":{"uv":[5.25,8.375,5.75,8.875],"rotation":0,"texture":"#0","tintindex":0},"east":{"uv":[9.625,4.875,9.125,5.25],"rotation":0,"texture":"#0","tintindex":0},"west":{"uv":[9.625,0.0,9.125,0.375],"rotation":0,"texture":"#0","tintindex":0},"up":{"uv":[8.375,4.625,8.875,4.125],"rotation":0,"texture":"#0","tintindex":0}}},{"from":[4.378151,0.9921746,7.0779862],"to":[7.8067226,6.135032,7.3637004],"rotation":{"angle":0.0,"axis":"y","origin":[7.8067226,5.8493176,6.2208433]},"faces":{"south":{"uv":[6.0,2.5,5.25,3.625],"rotation":0,"texture":"#0","tintindex":0},"north":{"uv":[6.0,2.375,5.25,1.25],"rotation":180,"texture":"#0","tintindex":0},"down":{"uv":[10.0,8.25,10.75,8.375],"rotation":180,"texture":"#0","tintindex":0},"east":{"uv":[9.75,4.5,10.875,4.625],"rotation":90,"texture":"#0","tintindex":0},"west":{"uv":[9.75,4.75,10.875,4.875],"rotation":270,"texture":"#0","tintindex":0},"up":{"uv":[10.0,8.5,10.75,8.625],"rotation":0,"texture":"#0","tintindex":0}}},{"from":[4.9495797,1.2778888,6.6494145],"to":[7.8067226,5.8493176,7.0779862],"rotation":{"angle":0.0,"axis":"y","origin":[7.8067226,5.8493176,6.2208433]},"faces":{"south":{"uv":[6.75,1.125,6.125,2.125],"rotation":0,"texture":"#0","tintindex":0},"north":{"uv":[6.625,1.0,6.0,0.0],"rotation":180,"texture":"#0","tintindex":0},"down":{"uv":[10.0,8.75,10.625,8.875],"rotation":180,"texture":"#0","tintindex":0},"east":{"uv":[9.875,0.5,10.875,0.625],"rotation":90,"texture":"#0","tintindex":0},"west":{"uv":[9.875,0.75,10.875,0.875],"rotation":270,"texture":"#0","tintindex":0},"up":{"uv":[10.0,9.0,10.625,9.125],"rotation":0,"texture":"#0","tintindex":0}}}],"display":{"head":{"translation":[0.0,-6.4,0.0],"scale":[4.0,4.0,4.0]}}}