{"textures":{"0":"modelengine:entity/dwarf_cleric"},"elements":[{"from":[7.9240513,4.4638968,6.7979693],"to":[9.638337,7.3210397,7.9408264],"rotation":{"angle":22.5,"axis":"z","origin":[6.2622356,5.4414773,8.738796]},"faces":{"south":{"uv":[9.0,8.5,9.375,9.125],"rotation":0,"texture":"#0","tintindex":0},"north":{"uv":[9.0,7.75,9.375,8.375],"rotation":0,"texture":"#0","tintindex":0},"down":{"uv":[4.5,9.875,4.125,10.125],"rotation":0,"texture":"#0","tintindex":0},"east":{"uv":[9.5,0.5,9.75,1.125],"rotation":0,"texture":"#0","tintindex":0},"west":{"uv":[9.5,1.25,9.75,1.875],"rotation":0,"texture":"#0","tintindex":0},"up":{"uv":[4.0,10.125,3.625,9.875],"rotation":0,"texture":"#0","tintindex":0}}},{"from":[8.209765,3.892468,6.7979693],"to":[9.352623,4.4638968,7.9408264],"rotation":{"angle":22.5,"axis":"z","origin":[6.2622356,5.4414773,8.738796]},"faces":{"south":{"uv":[10.25,2.375,10.5,2.5],"rotation":0,"texture":"#0","tintindex":0},"north":{"uv":[10.25,1.875,10.5,2.0],"rotation":0,"texture":"#0","tintindex":0},"down":{"uv":[8.875,3.75,8.625,4.0],"rotation":0,"texture":"#0","tintindex":0},"east":{"uv":[10.25,2.125,10.5,2.25],"rotation":0,"texture":"#0","tintindex":0},"west":{"uv":[2.625,10.25,2.875,10.375],"rotation":0,"texture":"#0","tintindex":0},"up":{"uv":[6.375,3.625,6.125,3.375],"rotation":0,"texture":"#0","tintindex":0}}},{"from":[7.9240513,2.1781821,6.7979693],"to":[9.638337,3.892468,7.9408264],"rotation":{"angle":22.5,"axis":"z","origin":[6.2622356,5.4414773,8.738796]},"faces":{"south":{"uv":[9.5,7.75,9.875,8.125],"rotation":0,"texture":"#0","tintindex":0},"north":{"uv":[5.375,9.5,5.75,9.875],"rotation":0,"texture":"#0","tintindex":0},"down":{"uv":[3.5,9.875,3.125,10.125],"rotation":0,"texture":"#0","tintindex":0},"east":{"uv":[2.0,5.625,2.25,6.0],"rotation":0,"texture":"#0","tintindex":0},"west":{"uv":[4.625,7.75,4.875,8.125],"rotation":0,"texture":"#0","tintindex":0},"up":{"uv":[3.0,10.125,2.625,9.875],"rotation":0,"texture":"#0","tintindex":0}}}],"display":{"head":{"translation":[0.0,-6.4,0.0],"scale":[4.0,4.0,4.0]}}}