{"textures":{"0":"modelengine:entity/dwarf_cleric"},"elements":[{"from":[8.455279,7.2263885,5.572219],"to":[8.9981365,9.512103,7.857933],"rotation":{"angle":-22.5,"axis":"x","origin":[8.726708,8.083531,7.2865043]},"faces":{"south":{"uv":[1.25,3.875,1.125,4.375],"rotation":0,"texture":"#0","tintindex":0},"north":{"uv":[2.625,3.625,2.5,4.125],"rotation":0,"texture":"#0","tintindex":0},"down":{"uv":[5.375,10.0,5.5,10.5],"rotation":0,"texture":"#0","tintindex":0},"east":{"uv":[8.25,8.625,7.75,9.125],"rotation":0,"texture":"#0","tintindex":0},"west":{"uv":[7.625,8.625,7.125,9.125],"rotation":0,"texture":"#0","tintindex":0},"up":{"uv":[0.875,5.5,1.0,5.0],"rotation":0,"texture":"#0","tintindex":0}}},{"from":[7.583851,6.102291,5.9179816],"to":[9.869565,8.388005,8.775125],"rotation":{"angle":0.0,"axis":"y","origin":[4.726708,6.8092556,6.1445227]},"faces":{"south":{"uv":[7.0,8.625,6.5,9.125],"rotation":0,"texture":"#0","tintindex":0},"north":{"uv":[2.5,8.625,2.0,9.125],"rotation":0,"texture":"#0","tintindex":0},"down":{"uv":[8.125,7.25,8.625,7.875],"rotation":0,"texture":"#0","tintindex":0},"east":{"uv":[8.25,8.0,7.625,8.5],"rotation":0,"texture":"#0","tintindex":0},"west":{"uv":[7.5,8.0,6.875,8.5],"rotation":0,"texture":"#0","tintindex":0},"up":{"uv":[8.125,7.125,8.625,6.5],"rotation":0,"texture":"#0","tintindex":0}}},{"from":[8.440994,7.554403,6.742803],"to":[9.012423,9.840117,9.028518],"rotation":{"angle":22.5,"axis":"x","origin":[8.726708,8.411546,6.4570885]},"faces":{"south":{"uv":[7.0,10.125,6.875,10.625],"rotation":0,"texture":"#0","tintindex":0},"north":{"uv":[6.75,10.125,6.625,10.625],"rotation":0,"texture":"#0","tintindex":0},"down":{"uv":[8.375,10.125,8.5,10.625],"rotation":0,"texture":"#0","tintindex":0},"east":{"uv":[0.5,8.75,0.0,9.25],"rotation":0,"texture":"#0","tintindex":0},"west":{"uv":[8.875,8.625,8.375,9.125],"rotation":0,"texture":"#0","tintindex":0},"up":{"uv":[8.125,10.625,8.25,10.125],"rotation":0,"texture":"#0","tintindex":0}}},{"from":[7.2981367,5.2451477,6.2036963],"to":[9.583851,8.102291,8.48941],"rotation":{"angle":0.0,"axis":"y","origin":[4.726708,6.8092556,6.1445227]},"faces":{"south":{"uv":[6.75,7.625,6.25,8.25],"rotation":0,"texture":"#0","tintindex":0},"north":{"uv":[8.125,2.25,7.625,2.875],"rotation":0,"texture":"#0","tintindex":0},"down":{"uv":[4.625,8.25,5.125,8.75],"rotation":0,"texture":"#0","tintindex":0},"east":{"uv":[3.25,7.75,2.75,8.375],"rotation":0,"texture":"#0","tintindex":0},"west":{"uv":[6.125,7.625,5.625,8.25],"rotation":0,"texture":"#0","tintindex":0},"up":{"uv":[8.25,2.625,8.75,2.125],"rotation":0,"texture":"#0","tintindex":0}}}],"display":{"head":{"translation":[0.0,-6.4,0.0],"scale":[4.0,4.0,4.0]}}}