{"textures":{"0":"modelengine:entity/dwarf_cleric"},"elements":[{"from":[5.428571,7.87807,5.5615134],"to":[10.571428,9.020927,8.990086],"rotation":{"angle":0.0,"axis":"y","origin":[8.0,12.285034,6.073769]},"faces":{"south":{"uv":[8.25,0.5,9.375,0.75],"rotation":0,"texture":"#0","tintindex":0},"north":{"uv":[7.75,5.75,8.875,6.0],"rotation":0,"texture":"#0","tintindex":0},"down":{"uv":[6.125,4.5,5.0,5.25],"rotation":0,"texture":"#0","tintindex":0},"east":{"uv":[9.125,3.375,9.875,3.625],"rotation":0,"texture":"#0","tintindex":0},"west":{"uv":[9.375,6.375,10.125,6.625],"rotation":0,"texture":"#0","tintindex":0},"up":{"uv":[2.25,5.5,1.125,4.75],"rotation":0,"texture":"#0","tintindex":0}}},{"from":[5.714286,7.8637843,5.8615136],"to":[10.285714,10.720927,8.718657],"rotation":{"angle":0.0,"axis":"y","origin":[8.0,12.285034,6.073769]},"faces":{"south":{"uv":[4.75,5.375,5.75,6.0],"rotation":0,"texture":"#0","tintindex":0},"north":{"uv":[3.625,5.375,4.625,6.0],"rotation":0,"texture":"#0","tintindex":0},"down":{"uv":[6.875,5.375,5.875,6.0],"rotation":0,"texture":"#0","tintindex":0},"east":{"uv":[2.0,7.25,2.625,7.875],"rotation":0,"texture":"#0","tintindex":0},"west":{"uv":[7.375,6.5,8.0,7.125],"rotation":0,"texture":"#0","tintindex":0},"up":{"uv":[1.875,6.25,0.875,5.625],"rotation":0,"texture":"#0","tintindex":0}}}],"display":{"head":{"translation":[0.0,-6.4,0.0],"scale":[4.0,4.0,4.0]}}}